"","Tijdstempel","Student","Postcode","Geslacht","Leeftijd","Merkbekendheid","Reclameactiviteiten","Webshop","Social.media","Koopfactoren","Online.vs.fysiek","Informatietevredenheid","Koopbereidheid","Aanbevelen","Online.niet.aanwezig","Menselijk.contact","Persoonlijke.aandacht","Verbinding","Menselijke.betrokkenheid","Non.verbale.comm","Houding.verkopers","Beeld.verkopers","Community","Informatie.gebruikers","Bedrijf"
"1","26/04/2018 12:51:11","Ja",3463,"Man","18","Ja","Maandelijks","Ja","Ja","Kwaliteit","Fysieke winkel",3,"Nee","Ja","Nee",3,3,3,3,3,3,3,3,3,"Eastpak"
"2","26/04/2018 12:32:32","Ja",5451,"Man","20","Ja","Nooit","Nee","Nee","Prijs","Online",1,"Nee","Ja","Nee",3,3,3,3,3,3,3,2,4,"Eastpak"
"3","26/04/2018 14:20:10","Ja",5451,"Man","22","Ja","Nooit","Ja","Ja","Prijs, Plaats, Kwaliteit","Online",4,"Ja","Ja","Ja",4,5,4,4,4,4,4,4,4,"Eastpak"
"4","23/05/2018 21:35:21","Ja",5452,"Man","21","Ja","Nooit","Ja","Ja","Prijs, Reclame, Plaats, Kwaliteit","Fysieke winkel",4,"Ja","Ja","Ja",4,4,4,3,4,3,4,2,3,"Eastpak"
"5","23/05/2018 21:43:15","Ja",5452,"Man","19","Ja","Nooit","Ja","Ja","Prijs, Reclame, Kwaliteit","Online",4,"Ja","Nee","Nee",4,2,4,3,4,4,3,4,3,"Eastpak"
"6","23/05/2018 21:44:34","Ja",5452,"Man","18","Ja","Nooit","Ja","Ja","Prijs, Reclame, Kwaliteit","Online",4,"Ja","Ja","Nee",4,4,3,1,4,2,4,4,3,"Eastpak"
"7","26/04/2018 12:07:35","Ja",5454,"Man","20","Ja","Nooit","Ja","Ja","Prijs, Kwaliteit","Online",4,"Ja","Ja","Ja",4,3,3,3,3,3,1,3,4,"Eastpak"
"8","26/04/2018 12:08:10","Ja",5454,"Man","20","Ja","Nooit","Nee","Ja","Prijs, Reclame, Plaats, Kwaliteit","Online",4,"Ja","Ja","Ja",3,2,2,3,3,2,1,3,3,"Eastpak"
"9","26/04/2018 12:56:24","Ja",5454,"Man","19","Ja","Nooit","Nee","Nee","Prijs, Kwaliteit","Online",5,"Nee","Ja","Nee",3,3,3,3,4,3,1,3,2,"Eastpak"
"10","26/04/2018 20:22:34","Ja",5454,"Man","20","Ja","Nooit","Ja","Nee","Prijs, Kwaliteit","Online",3,"Ja","Ja","Nee",3,3,3,3,3,3,3,3,3,"Eastpak"
"11","23/05/2018 21:30:30","Ja",5454,"Man","19","Ja","Maandelijks","Ja","Ja","Prijs, Kwaliteit","Online",4,"Ja","Ja","Nee",2,3,3,3,3,3,3,2,2,"Eastpak"
"12","23/05/2018 21:31:15","Ja",5454,"Man","17 of jonger","Ja","Nooit","Ja","Ja","Prijs, Reclame, Kwaliteit","Online",4,"Ja","Ja","Ja",4,4,4,2,3,3,2,4,2,"Eastpak"
"13","23/05/2018 21:36:38","Ja",5454,"Man","26 en ouder","Ja","Nooit","Ja","Nee","Prijs, Kwaliteit","Online",4,"Ja","Ja","Nee",4,3,3,4,3,4,4,2,3,"Eastpak"
"14","23/05/2018 21:39:55","Ja",5454,"Man","22","Ja","Nooit","Ja","Nee","Prijs, Plaats, Kwaliteit","Fysieke winkel",4,"Ja","Ja","Ja",3,4,3,2,3,2,4,3,3,"Eastpak"
"15","23/05/2018 21:41:14","Ja",5454,"Man","22","Ja","Nooit","Ja","Ja","Prijs, Reclame, Plaats, Kwaliteit","Fysieke winkel",4,"Ja","Ja","Ja",4,3,4,3,4,3,3,3,3,"Eastpak"
"16","23/05/2018 21:41:57","Ja",5454,"Man","19","Ja","Nooit","Ja","Ja","Prijs, Kwaliteit","Online",4,"Ja","Ja","Ja",4,3,4,3,5,4,4,4,3,"Eastpak"
"17","23/05/2018 21:42:39","Ja",5454,"Man","22","Ja","Nooit","Ja","Ja","Prijs, Kwaliteit","Online",4,"Ja","Ja","Ja",4,4,3,3,4,3,2,4,3,"Eastpak"
"18","23/05/2018 21:46:03","Ja",5454,"Man","19","Ja","Nooit","Ja","Ja","Reclame, Kwaliteit","Online",4,"Ja","Ja","Nee",4,3,4,3,3,4,2,4,3,"Eastpak"
"19","23/05/2018 21:48:19","Ja",5454,"Man","18","Ja","Nooit","Ja","Ja","Prijs, Kwaliteit","Online",4,"Ja","Ja","Nee",4,3,3,3,2,4,3,2,4,"Eastpak"
"20","28/04/2018 17:36:09","Ja",5632,"Man","19","Ja","Nooit","Ja","Nee","Prijs","Online",3,"Nee","Ja","Nee",4,3,3,4,4,3,2,4,4,"Eastpak"
"21","23/05/2018 22:46:10","Ja",6333,"Man","19","Ja","Nooit","Ja","Nee","Prijs","Online",4,"Ja","Ja","Ja",4,5,3,4,3,5,5,4,4,"Eastpak"
"22","23/05/2018 22:38:32","Ja",6511,"Man","22","Ja","Nooit","Ja","Ja","Prijs, Reclame, Plaats, Kwaliteit","Online",3,"Ja","Ja","Nee",4,3,3,4,3,4,4,4,3,"Eastpak"
"23","23/05/2018 22:44:13","Ja",6511,"Man","17 of jonger","Ja","Nooit","Ja","Nee","Reclame, Plaats, Kwaliteit","Fysieke winkel",3,"Ja","Nee","Nee",4,3,3,4,4,3,3,4,4,"Eastpak"
"24","23/05/2018 22:41:19","Ja",6512,"Man","22","Ja","Nooit","Nee","Ja","Prijs","Fysieke winkel",3,"Ja","Nee","Ja",2,2,3,3,3,3,4,3,4,"Eastpak"
"25","23/05/2018 22:36:10","Ja",6521,"Man","21","Ja","Maandelijks","Ja","Ja","Prijs, Reclame, Personeel, Kwaliteit","Fysieke winkel",4,"Ja","Ja","Ja",3,4,4,3,5,3,3,4,4,"Eastpak"
"26","26/04/2018 11:58:35","Ja",6523,"Man","20","Ja","Dagelijks","Ja","Ja","Prijs, Kwaliteit","Fysieke winkel",2,"Ja","Ja","Ja",2,3,3,3,3,3,3,3,3,"Eastpak"
"27","23/05/2018 22:30:53","Ja",6533,"Man","23","Ja","Nooit","Ja","Ja","Prijs, Kwaliteit","Fysieke winkel",4,"Ja","Ja","Ja",3,2,2,4,4,3,4,3,4,"Eastpak"
"28","23/05/2018 22:33:42","Ja",6533,"Man","18","Ja","Nooit","Ja","Ja","Prijs, Reclame, Kwaliteit","Online",4,"Ja","Ja","Ja",2,3,3,2,4,2,4,3,4,"Eastpak"
"29","23/05/2018 22:37:23","Ja",6534,"Man","19","Ja","Nooit","Ja","Ja","Prijs, Reclame, Kwaliteit","Online",3,"Ja","Ja","Nee",4,4,3,4,4,3,4,3,4,"Eastpak"
"30","26/04/2018 17:39:11","Ja",6537,"Man","19","Ja","Nooit","Ja","Ja","Prijs, Kwaliteit","Fysieke winkel",3,"Nee","Nee","Ja",5,5,3,4,4,4,2,3,4,"Eastpak"
"31","26/04/2018 12:00:35","Ja",6543,"Man","20","Ja","Nooit","Ja","Nee","Prijs, Personeel, Kwaliteit","Fysieke winkel",3,"Ja","Ja","Nee",3,3,3,3,3,3,3,3,3,"Eastpak"
"32","23/05/2018 22:33:24","Ja",6543,"Man","20","Ja","Nooit","Ja","Ja","Prijs, Kwaliteit","Online",3,"Nee","Ja","Nee",3,3,3,3,3,3,3,3,3,"Eastpak"
"33","26/04/2018 17:42:35","Ja",6544,"Man","21","Ja","Maandelijks","Ja","Ja","Prijs, Kwaliteit","Online",4,"Ja","Ja","Ja",2,4,4,3,4,4,2,3,3,"Eastpak"
"34","23/05/2018 22:36:07","Ja",6544,"Man","19","Ja","Nooit","Ja","Nee","Prijs, Kwaliteit","Online",5,"Nee","Ja","Ja",3,3,3,3,4,4,1,4,3,"Eastpak"
"35","23/05/2018 22:43:27","Ja",6544,"Man","20","Ja","Maandelijks","Ja","Nee","Reclame, Kwaliteit","Fysieke winkel",4,"Nee","Ja","Nee",4,3,3,4,4,2,2,4,4,"Eastpak"
"36","28/04/2018 19:50:16","Ja",6545,"Man","19","Ja","Nooit","Nee","Nee","Prijs, Kwaliteit","Fysieke winkel",2,"Ja","Ja","Nee",2,3,3,2,4,2,5,4,1,"Eastpak"
"37","26/04/2018 11:56:13","Ja",6546,"Man","20","Ja","Nooit","Ja","Ja","Prijs","Online",3,"Ja","Nee","Nee",3,3,3,4,4,4,4,5,4,"Eastpak"
"38","23/05/2018 22:45:30","Ja",6564,"Man","19","Ja","Nooit","Ja","Nee","Prijs, Reclame, Plaats, Personeel, Kwaliteit","Fysieke winkel",3,"Ja","Ja","Nee",4,3,4,2,3,3,1,4,4,"Eastpak"
"39","26/04/2018 19:35:33","Ja",6578,"Man","19","Ja","Dagelijks","Ja","Nee","Kwaliteit","Online",4,"Nee","Nee","Ja",3,3,3,3,3,3,3,3,3,"Eastpak"
"40","26/04/2018 11:26:16","Ja",6661,"Man","18","Ja","Nooit","Ja","Ja","Prijs, Reclame, Kwaliteit","Online",3,"Ja","Ja","Ja",3,2,3,3,3,3,3,3,3,"Eastpak"
"41","26/04/2018 11:27:49","Ja",6661,"Man","17 of jonger","Ja","Maandelijks","Ja","Nee","Reclame","Online",4,"Ja","Ja","Ja",4,4,3,5,4,4,4,4,4,"Eastpak"
"42","26/04/2018 12:03:31","Ja",6661,"Man","19","Ja","Nooit","Nee","Ja","Prijs, Kwaliteit","Fysieke winkel",4,"Nee","Ja","Nee",4,4,3,4,3,4,3,3,4,"Eastpak"
"43","26/04/2018 12:11:35","Ja",6661,"Man","21","Ja","Nooit","Ja","Nee","Kwaliteit","Online",4,"Ja","Ja","Nee",1,1,1,1,2,3,1,4,5,"Eastpak"
"44","26/04/2018 11:38:13","Ja",6662,"Man","19","Ja","Maandelijks","Ja","Nee","Prijs, Kwaliteit","Fysieke winkel",4,"Ja","Ja","Ja",3,3,3,3,3,3,3,4,5,"Eastpak"
"45","26/04/2018 11:39:40","Ja",6662,"Man","19","Ja","Nooit","Nee","Ja","Prijs, Reclame","Online",2,"Ja","Ja","Nee",3,3,2,4,4,3,1,2,2,"Eastpak"
"46","26/04/2018 11:44:52","Ja",6662,"Man","18","Ja","Nooit","Ja","Nee","Kwaliteit","Online",1,"Nee","Ja","Nee",1,3,3,2,5,2,2,3,3,"Eastpak"
"47","26/04/2018 11:45:07","Ja",6662,"Man","25","Ja","Nooit","Nee","Nee","Kwaliteit","Fysieke winkel",1,"Nee","Nee","Nee",1,1,1,1,1,1,1,1,1,"Eastpak"
"48","26/04/2018 11:47:54","Ja",6662,"Man","18","Ja","Dagelijks","Ja","Ja","Prijs, Kwaliteit","Fysieke winkel",3,"Ja","Ja","Nee",4,4,3,4,4,3,4,3,4,"Eastpak"
"49","26/04/2018 12:01:54","Ja",6662,"Man","17 of jonger","Ja","Wekelijks","Ja","Ja","Prijs, Plaats, Kwaliteit","Fysieke winkel",4,"Ja","Ja","Ja",4,4,4,4,4,4,4,4,4,"Eastpak"
"50","26/04/2018 12:40:36","Ja",6662,"Man","19","Ja","Nooit","Ja","Ja","Kwaliteit","Fysieke winkel",4,"Nee","Ja","Ja",2,3,4,3,2,3,3,4,4,"Eastpak"
"51","26/04/2018 13:16:26","Ja",6662,"Man","19","Ja","Nooit","Ja","Ja","Prijs","Fysieke winkel",4,"Ja","Ja","Ja",2,3,3,2,3,3,1,3,3,"Eastpak"
"52","26/04/2018 11:59:13","Ja",6666,"Man","17 of jonger","Ja","Nooit","Nee","Ja","Prijs, Plaats","Fysieke winkel",3,"Ja","Ja","Ja",3,3,3,3,3,3,3,3,3,"Eastpak"
"53","26/04/2018 11:41:51","Ja",6678,"Man","19","Ja","Nooit","Nee","Nee","Prijs","Fysieke winkel",2,"Nee","Nee","Nee",4,3,3,4,3,3,3,3,2,"Eastpak"
"54","26/04/2018 11:47:49","Ja",6681,"Man","19","Ja","Nooit","Ja","Nee","Prijs, Kwaliteit","Fysieke winkel",3,"Nee","Ja","Ja",3,4,3,3,3,4,3,4,3,"Eastpak"
"55","26/04/2018 11:33:21","Ja",6836,"Man","17 of jonger","Ja","Nooit","Ja","Nee","Prijs, Kwaliteit","Fysieke winkel",3,"Nee","Ja","Ja",3,3,3,3,3,3,3,3,3,"Eastpak"
"56","26/04/2018 11:49:12","Ja",6836,"Man","18","Ja","Nooit","Nee","Nee","Prijs, Kwaliteit","Fysieke winkel",3,"Ja","Ja","Nee",4,3,3,3,2,3,1,2,4,"Eastpak"
"57","30/04/2018 16:35:18","Ja",7290,"Man","18","Ja","Nooit","Ja","Ja","Prijs, Kwaliteit","Fysieke winkel",3,"Ja","Ja","Ja",3,4,2,5,5,2,3,4,4,"Eastpak"
"58","26/04/2018 11:27:29","Ja",9166,"Man","18","Ja","Nooit","Nee","Nee","Prijs, Kwaliteit","Fysieke winkel",1,"Nee","Nee","Nee",3,2,1,3,4,2,1,2,3,"Eastpak"
"59","26/04/2018 13:00:27","Ja",5011,"Neutraal","26 en ouder","Ja","Nooit","Nee","Nee","Plaats","Fysieke winkel",1,"Nee","Nee","Nee",1,1,1,1,1,1,1,1,1,"Eastpak"
"60","26/04/2018 11:39:29","Ja",6678,"Neutraal","26 en ouder","Ja","Dagelijks","Ja","Ja","Prijs, Reclame, Plaats, Personeel, Kwaliteit","Fysieke winkel",5,"Ja","Ja","Ja",5,1,5,1,5,1,5,1,5,"Eastpak"
"61","27/04/2018 10:45:07","Ja",5446,"Vrouw","18","Ja","Nooit","Ja","Ja","Prijs, Kwaliteit","Fysieke winkel",3,"Nee","Ja","Nee",1,3,1,1,3,1,1,3,1,"Eastpak"
"62","26/04/2018 13:58:51","Ja",5451,"Vrouw","20","Ja","Nooit","Ja","Nee","Prijs, Kwaliteit","Online",4,"Nee","Ja","Nee",3,3,3,3,3,3,3,3,3,"Eastpak"
"63","23/05/2018 21:43:57","Ja",5452,"Vrouw","18","Ja","Maandelijks","Ja","Ja","Prijs, Reclame, Kwaliteit","Online",4,"Ja","Ja","Nee",4,4,3,3,4,3,3,3,3,"Eastpak"
"64","23/05/2018 21:45:15","Ja",5452,"Vrouw","17 of jonger","Ja","Maandelijks","Nee","Ja","Reclame, Kwaliteit","Online",4,"Ja","Ja","Nee",4,3,4,2,4,3,3,4,3,"Eastpak"
"65","26/04/2018 22:57:14","Ja",5454,"Vrouw","19","Ja","Nooit","Ja","Ja","Prijs, Plaats","Fysieke winkel",4,"Ja","Ja","Ja",3,3,3,4,3,1,1,4,4,"Eastpak"
"66","23/05/2018 21:40:32","Ja",5454,"Vrouw","22","Ja","Nooit","Ja","Ja","Prijs, Reclame, Kwaliteit","Online",4,"Ja","Ja","Ja",4,4,3,4,3,2,3,4,4,"Eastpak"
"67","26/04/2018 12:59:51","Ja",5831,"Vrouw","18","Ja","Nooit","Nee","Ja","Prijs, Kwaliteit","Fysieke winkel",3,"Nee","Ja","Ja",4,4,3,3,3,2,2,3,2,"Eastpak"
"68","26/04/2018 12:42:11","Ja",5835,"Vrouw","17 of jonger","Ja","Maandelijks","Ja","Ja","Prijs, Reclame","Online",4,"Ja","Ja","Nee",3,3,4,4,3,3,3,3,3,"Eastpak"
"69","26/04/2018 19:13:45","Ja",5836,"Vrouw","19","Ja","Maandelijks","Ja","Nee","Prijs, Kwaliteit","Online",4,"Ja","Ja","Nee",4,3,4,3,4,4,4,4,4,"Eastpak"
"70","26/04/2018 11:36:19","Ja",6512,"Vrouw","18","Ja","Nooit","Ja","Ja","Prijs, Reclame, Kwaliteit","Fysieke winkel",4,"Ja","Ja","Ja",3,3,4,4,3,4,4,5,2,"Eastpak"
"71","23/05/2018 22:35:03","Ja",6524,"Vrouw","25","Ja","Nooit","Ja","Ja","Reclame, Kwaliteit","Fysieke winkel",4,"Nee","Nee","Nee",2,2,2,2,3,3,1,2,4,"Eastpak"
"72","26/04/2018 11:43:12","Ja",6533,"Vrouw","17 of jonger","Ja","Nooit","Ja","Nee","Prijs, Kwaliteit","Fysieke winkel",3,"Nee","Ja","Nee",3,2,1,2,3,4,1,4,1,"Eastpak"
"73","23/05/2018 22:32:45","Ja",6533,"Vrouw","23","Ja","Nooit","Ja","Nee","Prijs, Plaats, Personeel, Kwaliteit","Fysieke winkel",4,"Ja","Ja","Ja",3,4,4,2,4,3,1,4,4,"Eastpak"
"74","23/05/2018 22:40:31","Ja",6541,"Vrouw","19","Ja","Nooit","Nee","Ja","Prijs, Reclame, Kwaliteit","Online",3,"Ja","Ja","Nee",4,3,4,3,4,1,5,4,4,"Eastpak"
"75","23/05/2018 22:42:34","Ja",6571,"Vrouw","24","Ja","Nooit","Ja","Nee","Plaats, Kwaliteit","Fysieke winkel",4,"Ja","Ja","Nee",3,4,3,2,2,4,3,4,4,"Eastpak"
"76","26/04/2018 11:29:46","Ja",6681,"Vrouw","17 of jonger","Ja","Nooit","Nee","Ja","Prijs","Online",4,"Nee","Ja","Nee",3,3,2,3,4,3,3,3,3,"Eastpak"
"77","26/04/2018 11:40:00","Ja",6821,"Vrouw","21","Ja","Maandelijks","Ja","Ja","Prijs, Kwaliteit","Fysieke winkel",3,"Ja","Ja","Nee",3,3,3,4,4,4,2,4,4,"Eastpak"
"78","26/04/2018 12:38:03","Ja",6835,"Vrouw","19","Ja","Nooit","Ja","Nee","Prijs, Kwaliteit","Fysieke winkel",4,"Nee","Ja","Ja",3,3,3,3,3,3,2,3,1,"Eastpak"
"79","26/04/2018 12:10:44","Ja",6836,"Vrouw","18","Ja","Maandelijks","Ja","Nee","Prijs, Plaats, Kwaliteit","Fysieke winkel",4,"Ja","Ja","Ja",3,3,3,3,3,3,2,3,3,"Eastpak"
"80","26/04/2018 14:23:17","Ja",6836,"Vrouw","19","Ja","Nooit","Nee","Ja","Prijs, Kwaliteit","Fysieke winkel",4,"Nee","Ja","Ja",3,2,2,2,2,2,1,2,2,"Eastpak"
"81","26/04/2018 15:03:29","Ja",6836,"Vrouw","18","Ja","Maandelijks","Nee","Nee","Prijs, Kwaliteit","Online",4,"Nee","Ja","Nee",3,3,4,2,3,2,1,4,4,"Eastpak"
"82","26/04/2018 11:50:14","Ja",6978,"Vrouw","18","Ja","Nooit","Ja","Nee","Prijs, Reclame, Plaats, Personeel, Kwaliteit","Fysieke winkel",4,"Nee","Nee","Ja",4,3,3,3,3,3,3,4,3,"Eastpak"
"83","26/04/2018 12:22:07","Ja",8212,"Vrouw","17 of jonger","Ja","Nooit","Nee","Ja","Prijs, Kwaliteit","Online",3,"Nee","Nee","Nee",3,3,4,3,3,3,3,4,4,"Eastpak"
"84",NA,NA,NA,NA,NA,NA,NA,NA,NA,NA,NA,NA,NA,NA,NA,NA,NA,NA,NA,NA,NA,NA,NA,NA,NA
"85",NA,NA,NA,NA,NA,NA,NA,NA,NA,NA,NA,NA,NA,NA,NA,NA,NA,NA,NA,NA,NA,NA,NA,NA,"Eastpak"
"86",NA,NA,NA,NA,NA,NA,NA,NA,NA,NA,NA,NA,NA,NA,NA,NA,NA,NA,NA,NA,NA,NA,NA,NA,"Eastpak"
"87",NA,NA,NA,NA,NA,NA,NA,NA,NA,NA,NA,NA,NA,NA,NA,NA,NA,NA,NA,NA,NA,NA,NA,NA,"Eastpak"
"88",NA,NA,NA,NA,NA,NA,NA,NA,NA,NA,NA,NA,NA,NA,NA,NA,NA,NA,NA,NA,NA,NA,NA,NA,"Eastpak"
"89",NA,NA,NA,NA,NA,NA,NA,NA,NA,NA,NA,NA,NA,NA,NA,NA,NA,NA,NA,NA,NA,NA,NA,NA,"Eastpak"
"90",NA,NA,NA,NA,NA,NA,NA,NA,NA,NA,NA,NA,NA,NA,NA,NA,NA,NA,NA,NA,NA,NA,NA,NA,"Eastpak"
"91",NA,NA,NA,NA,NA,NA,NA,NA,NA,NA,NA,NA,NA,NA,NA,NA,NA,NA,NA,NA,NA,NA,NA,NA,"Eastpak"
"92",NA,NA,NA,NA,NA,NA,NA,NA,NA,NA,NA,NA,NA,NA,NA,NA,NA,NA,NA,NA,NA,NA,NA,NA,"Eastpak"
"93",NA,NA,NA,NA,NA,NA,NA,NA,NA,NA,NA,NA,NA,NA,NA,NA,NA,NA,NA,NA,NA,NA,NA,NA,"Eastpak"
"94",NA,NA,NA,NA,NA,NA,NA,NA,NA,NA,NA,NA,NA,NA,NA,NA,NA,NA,NA,NA,NA,NA,NA,NA,"Eastpak"
"95",NA,NA,NA,NA,NA,NA,NA,NA,NA,NA,NA,NA,NA,NA,NA,NA,NA,NA,NA,NA,NA,NA,NA,NA,"Eastpak"
"96",NA,NA,NA,NA,NA,NA,NA,NA,NA,NA,NA,NA,NA,NA,NA,NA,NA,NA,NA,NA,NA,NA,NA,NA,"Eastpak"
"97",NA,NA,NA,NA,NA,NA,NA,NA,NA,NA,NA,NA,NA,NA,NA,NA,NA,NA,NA,NA,NA,NA,NA,NA,"Eastpak"
"98",NA,NA,NA,NA,NA,NA,NA,NA,NA,NA,NA,NA,NA,NA,NA,NA,NA,NA,NA,NA,NA,NA,NA,NA,"Eastpak"
"99",NA,NA,NA,NA,NA,NA,NA,NA,NA,NA,NA,NA,NA,NA,NA,NA,NA,NA,NA,NA,NA,NA,NA,NA,"Eastpak"
"100",NA,NA,NA,NA,NA,NA,NA,NA,NA,NA,NA,NA,NA,NA,NA,NA,NA,NA,NA,NA,NA,NA,NA,NA,"Eastpak"
"101",NA,NA,NA,NA,NA,NA,NA,NA,NA,NA,NA,NA,NA,NA,NA,NA,NA,NA,NA,NA,NA,NA,NA,NA,"Eastpak"
"102",NA,NA,NA,NA,NA,NA,NA,NA,NA,NA,NA,NA,NA,NA,NA,NA,NA,NA,NA,NA,NA,NA,NA,NA,"Eastpak"
"103",NA,NA,NA,NA,NA,NA,NA,NA,NA,NA,NA,NA,NA,NA,NA,NA,NA,NA,NA,NA,NA,NA,NA,NA,"Eastpak"
"104",NA,NA,NA,NA,NA,NA,NA,NA,NA,NA,NA,NA,NA,NA,NA,NA,NA,NA,NA,NA,NA,NA,NA,NA,"Eastpak"
"105",NA,NA,NA,NA,NA,NA,NA,NA,NA,NA,NA,NA,NA,NA,NA,NA,NA,NA,NA,NA,NA,NA,NA,NA,"Eastpak"
"106",NA,NA,NA,NA,NA,NA,NA,NA,NA,NA,NA,NA,NA,NA,NA,NA,NA,NA,NA,NA,NA,NA,NA,NA,"Eastpak"
"107",NA,NA,NA,NA,NA,NA,NA,NA,NA,NA,NA,NA,NA,NA,NA,NA,NA,NA,NA,NA,NA,NA,NA,NA,"Eastpak"
"108",NA,NA,NA,NA,NA,NA,NA,NA,NA,NA,NA,NA,NA,NA,NA,NA,NA,NA,NA,NA,NA,NA,NA,NA,"Eastpak"
"109","25/04/2018 10:11:39","Ja",7039,"Vrouw","19","Ja","Wekelijks","Ja","Ja","Prijs, Plaats, Kwaliteit","Fysieke winkel",4,"Ja","Ja","Nee",3,3,2,3,4,3,2,3,2,"G-Star"
"110","25/04/2018 14:49:23","Ja",5371,"Vrouw","21","Ja","Nooit","Ja","Nee","Prijs","Online",4,"Ja","Ja","Nee",3,3,3,3,4,1,1,5,4,"G-Star"
"111","25/04/2018 14:53:33","Ja",5371,"Vrouw","21","Ja","Maandelijks","Ja","Nee","Prijs","Fysieke winkel",4,"Nee","Nee","Ja",2,2,1,2,3,2,2,2,3,"G-Star"
"112","25/04/2018 14:54:50","Ja",5346,"Man","19","Ja","Nooit","Nee","Nee","Prijs, Plaats, Kwaliteit","Fysieke winkel",4,"Nee","Nee","Nee",3,2,2,2,4,2,1,3,3,"G-Star"
"113","25/04/2018 14:59:45","Ja",5375,"Man","21","Ja","Nooit","Nee","Nee","Prijs, Kwaliteit","Online",3,"Nee","Ja","Nee",2,2,2,2,4,4,4,4,2,"G-Star"
"114","25/04/2018 15:00:54","Ja",9726,"Vrouw","21","Ja","Wekelijks","Ja","Nee","Prijs, Plaats, Kwaliteit","Fysieke winkel",5,"Nee","Nee","Nee",1,1,1,1,1,3,3,1,1,"G-Star"
"115","25/04/2018 15:01:24","Ja",5623,"Vrouw","20","Ja","Maandelijks","Ja","Nee","Prijs, Kwaliteit","Online",4,"Ja","Ja","Ja",2,2,3,2,3,2,2,3,3,"G-Star"
"116","25/04/2018 15:42:14","Ja",7006,"Vrouw","18","Ja","Nooit","Ja","Nee","Prijs, Kwaliteit","Online",3,"Nee","Ja","Ja",2,3,3,3,3,1,1,3,3,"G-Star"
"117","25/04/2018 15:47:02","Ja",7038,"Man","19","Ja","Wekelijks","Ja","Ja","Prijs, Reclame, Personeel, Kwaliteit","Fysieke winkel",4,"Ja","Ja","Ja",2,3,3,4,4,1,4,2,2,"G-Star"
"118","25/04/2018 16:02:26","Ja",6511,"Vrouw","19","Ja","Maandelijks","Nee","Ja","Prijs, Kwaliteit","Online",2,"Nee","Nee","Ja",3,3,2,2,4,2,4,3,2,"G-Star"
"119","25/04/2018 16:09:16","Ja",5247,"Vrouw","21","Ja","Maandelijks","Ja","Nee","Prijs","Fysieke winkel",3,"Nee","Nee","Nee",4,4,3,3,3,1,1,3,3,"G-Star"
"120","25/04/2018 16:11:32","Ja",5373,"Vrouw","21","Ja","Nooit","Ja","Ja","Prijs","Online",4,"Nee","Nee","Ja",3,2,3,2,3,2,2,4,3,"G-Star"
"121","25/04/2018 16:11:33","Ja",5373,"Vrouw","21","Ja","Nooit","Ja","Ja","Prijs, Kwaliteit","Fysieke winkel",2,"Nee","Nee","Nee",2,3,3,3,3,3,1,3,3,"G-Star"
"122","25/04/2018 16:37:32","Ja",7006,"Man","19","Ja","Nooit","Ja","Nee","Prijs, Personeel, Kwaliteit","Fysieke winkel",3,"Nee","Ja","Nee",4,4,4,4,5,4,4,4,3,"G-Star"
"123","25/04/2018 16:55:03","Ja",7039,"Vrouw","18","Ja","Maandelijks","Ja","Nee","Prijs, Kwaliteit","Online",4,"Ja","Ja","Nee",3,2,3,3,4,3,3,4,3,"G-Star"
"124","25/04/2018 16:58:59","Ja",5373,"Vrouw","20","Ja","Maandelijks","Ja","Ja","Prijs, Reclame, Kwaliteit","Fysieke winkel",3,"Nee","Nee","Nee",3,1,3,2,3,4,2,4,4,"G-Star"
"125","25/04/2018 17:01:56","Ja",7041,"Man","19","Ja","Wekelijks","Ja","Ja","Prijs, Reclame","Fysieke winkel",4,"Ja","Ja","Ja",3,3,4,4,4,3,4,4,2,"G-Star"
"126","25/04/2018 17:42:17","Ja",5371,"Vrouw","21","Ja","Maandelijks","Ja","Ja","Prijs, Kwaliteit","Fysieke winkel",3,"Nee","Ja","Ja",3,2,2,2,3,3,3,3,2,"G-Star"
"127","25/04/2018 17:49:01","Ja",4333,"Man","25","Ja","Maandelijks","Nee","Nee","Prijs, Kwaliteit","Fysieke winkel",3,"Ja","Ja","Nee",4,4,4,4,4,4,3,3,3,"G-Star"
"128","25/04/2018 17:56:24","Ja",7051,"Vrouw","19","Ja","Wekelijks","Ja","Nee","Prijs, Kwaliteit","Online",5,"Ja","Ja","Nee",3,3,4,3,4,3,2,3,3,"G-Star"
"129","25/04/2018 18:18:40","Ja",5346,"Vrouw","20","Ja","Nooit","Nee","Nee","Prijs, Plaats, Kwaliteit","Fysieke winkel",3,"Ja","Ja","Nee",3,3,3,3,3,3,3,3,4,"G-Star"
"130","26/04/2018 12:09:50","Ja",6591,"Man","19","Ja","Nooit","Nee","Nee","Prijs","Fysieke winkel",3,"Nee","Nee","Nee",4,4,3,3,5,3,2,3,2,"G-Star"
"131","26/04/2018 13:39:10","Ja",7051,"Vrouw","19","Ja","Maandelijks","Ja","Ja","Prijs, Plaats, Kwaliteit","Fysieke winkel",3,"Nee","Nee","Ja",3,2,3,1,4,1,1,2,2,"G-Star"
"132","26/04/2018 13:43:42","Nee",NA,NA,NA,NA,NA,NA,NA,NA,NA,NA,NA,NA,NA,NA,NA,NA,NA,NA,NA,NA,NA,NA,"G-Star"
"133","26/04/2018 13:46:02","Ja",6591,"Man","18","Ja","Maandelijks","Ja","Nee","Prijs, Plaats, Kwaliteit","Fysieke winkel",3,"Ja","Ja","Nee",3,3,3,3,3,3,3,3,3,"G-Star"
"134","26/04/2018 13:47:35","Ja",6942,"Vrouw","20","Ja","Maandelijks","Ja","Nee","Kwaliteit","Fysieke winkel",3,"Nee","Ja","Ja",2,2,2,2,4,2,1,4,4,"G-Star"
"135","26/04/2018 13:48:05","Ja",6591,"Man","18","Ja","Nooit","Ja","Nee","Prijs, Kwaliteit","Fysieke winkel",4,"Nee","Ja","Ja",3,3,3,4,3,3,2,4,3,"G-Star"
"136","26/04/2018 13:52:43","Ja",6826,"Man","23","Ja","Maandelijks","Ja","Ja","Prijs, Reclame, Plaats, Kwaliteit","Fysieke winkel",3,"Nee","Ja","Ja",2,2,2,2,4,1,1,3,1,"G-Star"
"137","26/04/2018 13:57:08","Nee",NA,NA,NA,NA,NA,NA,NA,NA,NA,NA,NA,NA,NA,NA,NA,NA,NA,NA,NA,NA,NA,NA,"G-Star"
"138","26/04/2018 13:58:19","Ja",6534,"Man","24","Nee","Nooit","Ja","Nee","Prijs, Personeel, Kwaliteit","Fysieke winkel",4,"Nee","Nee","Ja",1,1,1,1,1,1,1,1,3,"G-Star"
"139","26/04/2018 13:59:23","Ja",6537,"Man","24","Ja","Nooit","Ja","Ja","Prijs, Plaats, Kwaliteit","Fysieke winkel",4,"Nee","Nee","Nee",3,4,4,3,3,4,3,3,2,"G-Star"
"140","26/04/2018 14:07:07","Ja",6544,"Man","23","Ja","Maandelijks","Ja","Nee","Prijs, Plaats, Kwaliteit","Fysieke winkel",3,"Nee","Nee","Nee",3,3,3,3,3,3,3,3,3,"G-Star"
"141","26/04/2018 14:15:42","Ja",7101,"Man","21","Ja","Wekelijks","Ja","Nee","Kwaliteit","Online",4,"Nee","Nee","Ja",3,4,4,4,4,4,4,4,4,"G-Star"
"142","26/04/2018 14:20:03","Ja",6545,"Man","23","Ja","Nooit","Ja","Nee","Plaats","Fysieke winkel",5,"Ja","Ja","Ja",4,1,1,1,1,1,1,1,1,"G-Star"
"143","26/04/2018 14:22:39","Ja",6538,"Man","26 of ouder","Ja","Maandelijks","Ja","Nee","Kwaliteit","Fysieke winkel",3,"Nee","Nee","Nee",2,3,2,3,2,2,4,3,1,"G-Star"
"144","26/04/2018 14:37:55","Ja",6591,"Man","18","Nee","Nooit","Nee","Nee","Prijs, Plaats, Personeel, Kwaliteit","Online",3,"Ja","Ja","Ja",3,3,5,4,4,5,4,3,4,"G-Star"
"145","26/04/2018 15:10:27","Ja",6537,"Man","26 of ouder","Ja","Maandelijks","Ja","Nee","Prijs, Plaats, Kwaliteit","Fysieke winkel",5,"Nee","Ja","Ja",1,1,1,1,1,1,1,3,3,"G-Star"
"146","26/04/2018 16:06:57","Nee",NA,NA,NA,NA,NA,NA,NA,NA,NA,NA,NA,NA,NA,NA,NA,NA,NA,NA,NA,NA,NA,NA,"G-Star"
"147","26/04/2018 17:05:14","Ja",7054,"Vrouw","18","Ja","Nooit","Ja","Ja","Prijs, Plaats, Kwaliteit","Fysieke winkel",3,"Nee","Nee","Nee",3,3,3,3,3,3,3,3,3,"G-Star"
"148","26/04/2018 17:05:58","Ja",5351,"Man","21","Ja","Maandelijks","Nee","Nee","Prijs, Plaats, Kwaliteit","Fysieke winkel",1,"Nee","Nee","Ja",1,1,1,1,3,1,1,1,1,"G-Star"
"149","26/04/2018 17:46:04","Ja",6811,"Man","24","Ja","Maandelijks","Ja","Nee","Prijs, Personeel, Kwaliteit","Fysieke winkel",3,"Nee","Nee","Nee",3,3,3,3,3,3,3,3,3,"G-Star"
"150","27/04/2018 09:26:41","Ja",7181,"Vrouw","18","Ja","Maandelijks","Ja","Nee","Prijs, Plaats, Kwaliteit","Fysieke winkel",3,"Ja","Ja","Nee",3,3,3,3,3,3,2,4,2,"G-Star"
"151","08/05/2018 11:13:13","Ja",7054,"Vrouw","18","Ja","Nooit","Ja","Ja","Prijs, Reclame, Plaats, Kwaliteit","Fysieke winkel",3,"Nee","Nee","Nee",2,2,1,2,3,1,1,2,2,"G-Star"
"152","08/05/2018 11:23:14","Ja",5373,"Vrouw","24","Ja","Nooit","Ja","Ja","Prijs, Kwaliteit","Fysieke winkel",3,"Nee","Ja","Nee",3,4,3,3,3,3,5,3,1,"G-Star"
"153","08/05/2018 11:57:38","Ja",5373,"Vrouw","19","Ja","Wekelijks","Ja","Ja","Prijs, Kwaliteit","Fysieke winkel",3,"Nee","Ja","Nee",2,2,2,2,4,3,2,3,3,"G-Star"
"154","09/05/2018 12:04:41","Ja",3522,"Vrouw","26 of ouder","Ja","Maandelijks","Nee","Ja","Prijs, Personeel, Kwaliteit","Fysieke winkel",3,"Nee","Nee","Nee",3,3,3,3,3,3,3,3,3,"G-Star"
"155","10/05/2018 15:50:31","Ja",5371,"Man","18","Ja","Wekelijks","Ja","Ja","Kwaliteit","Fysieke winkel",4,"Ja","Ja","Ja",3,3,3,2,4,3,1,3,3,"G-Star"
"156","10/05/2018 15:54:55","Ja",5352,"Man","19","Ja","Nooit","Ja","Ja","Prijs","Online",3,"Nee","Ja","Nee",3,3,3,3,3,3,3,3,3,"G-Star"
"157","10/05/2018 16:09:06","Ja",5352,"Vrouw","19","Ja","Nooit","Ja","Nee","Prijs, Personeel, Kwaliteit","Fysieke winkel",3,"Ja","Ja","Ja",2,2,2,2,2,3,1,4,4,"G-Star"
"158","14/05/2018 13:42:17","Ja",6999,"Man","18","Ja","Nooit","Ja","Ja","Prijs, Kwaliteit","Fysieke winkel",3,"Ja","Ja","Ja",3,4,3,4,4,3,2,3,3,"G-Star"
"159","14/05/2018 13:43:45","Ja",6999,"Man","18","Ja","Maandelijks","Nee","Nee","Prijs, Reclame, Plaats","Online",4,"Ja","Ja","Ja",2,3,4,4,3,2,2,3,3,"G-Star"
"160","14/05/2018 15:04:09","Ja",6711,"Vrouw","18","Ja","Maandelijks","Ja","Nee","Prijs, Plaats, Kwaliteit","Online",4,"Ja","Ja","Nee",4,4,1,4,3,3,3,2,2,"G-Star"
"161","21/05/2018 11:30:01","Ja",6511,"Man","19","Ja","Maandelijks","Ja","Ja","Prijs, Reclame, Kwaliteit","Fysieke winkel",4,"Ja","Ja","Ja",3,3,3,3,4,2,2,4,4,"G-Star"
"162","21/05/2018 11:32:03","Ja",6511,"Vrouw","21","Ja","Nooit","Ja","Nee","Prijs, Plaats, Kwaliteit","Online",5,"Ja","Ja","Nee",4,4,4,4,4,4,1,4,3,"G-Star"
"163","21/05/2018 11:33:23","Ja",6511,"Man","22","Ja","Nooit","Ja","Nee","Prijs, Kwaliteit","Online",4,"Nee","Nee","Nee",3,2,2,3,2,2,2,3,3,"G-Star"
"164","21/05/2018 11:34:57","Ja",6511,"Vrouw","18","Ja","Wekelijks","Ja","Ja","Prijs, Reclame, Kwaliteit","Online",3,"Ja","Ja","Ja",2,2,2,2,3,3,2,3,3,"G-Star"
"165","21/05/2018 11:36:39","Ja",6546,"Man","20","Ja","Nooit","Nee","Ja","Prijs, Reclame, Kwaliteit","Fysieke winkel",4,"Ja","Ja","Ja",3,3,4,4,3,4,2,4,4,"G-Star"
"166","21/05/2018 11:38:32","Ja",6641,"Vrouw","20","Ja","Wekelijks","Ja","Ja","Prijs, Reclame, Kwaliteit","Online",4,"Ja","Ja","Nee",4,3,2,4,4,3,2,4,3,"G-Star"
"167","21/05/2018 11:39:51","Ja",6523,"Man","18","Ja","Maandelijks","Ja","Ja","Kwaliteit","Online",5,"Ja","Ja","Ja",4,4,4,4,4,4,2,3,4,"G-Star"
"168","21/05/2018 11:41:40","Ja",6511,"Vrouw","21","Ja","Maandelijks","Ja","Nee","Prijs, Kwaliteit","Online",4,"Nee","Nee","Nee",3,2,2,3,4,3,2,3,4,"G-Star"
"169","23/05/2018 19:33:05","Ja",7040,"Vrouw","21","Ja","Dagelijks","Nee","Ja","Prijs, Reclame","Online",3,"Ja","Nee","Ja",3,4,2,4,2,4,2,4,3,"G-Star"
"170","23/05/2018 19:33:52","Ja",6350,"Vrouw","22","Ja","Dagelijks","Nee","Ja","Prijs, Kwaliteit","Fysieke winkel",4,"Ja","Ja","Ja",5,1,4,2,4,4,3,4,1,"G-Star"
"171","23/05/2018 19:36:04","Ja",7845,"Man","23","Ja","Dagelijks","Ja","Ja","Prijs, Plaats","Online",2,"Ja","Ja","Ja",4,3,3,3,3,2,4,2,3,"G-Star"
"172","23/05/2018 19:36:48","Ja",4555,"Man","18","Nee","Dagelijks","Ja","Ja","Prijs, Kwaliteit","Online",4,"Ja","Ja","Ja",4,2,4,2,4,2,4,2,4,"G-Star"
"173","23/05/2018 19:37:40","Ja",7033,"Man","21","Ja","Wekelijks","Ja","Nee","Prijs, Plaats","Fysieke winkel",4,"Ja","Ja","Ja",3,3,3,3,3,3,3,3,3,"G-Star"
"174","23/05/2018 19:38:23","Ja",7045,"Vrouw","21","Ja","Dagelijks","Ja","Ja","Reclame, Plaats","Online",3,"Ja","Ja","Ja",3,3,3,3,3,3,3,3,3,"G-Star"
"175","23/05/2018 19:39:16","Ja",6540,"Man","21","Ja","Dagelijks","Ja","Ja","Plaats, Kwaliteit","Online",4,"Ja","Ja","Ja",3,4,4,3,3,3,3,3,3,"G-Star"
"176","23/05/2018 19:40:07","Ja",7038,"Man","20","Ja","Dagelijks","Ja","Ja","Reclame, Personeel","Online",4,"Ja","Ja","Ja",4,3,4,4,4,3,4,4,4,"G-Star"
"177","23/05/2018 19:40:48","Ja",6505,"Vrouw","24","Ja","Dagelijks","Ja","Ja","Reclame, Kwaliteit","Fysieke winkel",4,"Ja","Ja","Ja",4,4,4,5,2,2,4,3,3,"G-Star"
"178","23/05/2018 19:42:11","Ja",7230,"Vrouw","18","Ja","Dagelijks","Ja","Ja","Reclame, Personeel, Kwaliteit","Fysieke winkel",3,"Ja","Ja","Ja",4,3,3,4,3,4,3,4,3,"G-Star"
"179","23/05/2018 19:44:55","Ja",6591,"Man","19","Ja","Maandelijks","Ja","Ja","Prijs, Plaats","Online",2,"Nee","Nee","Nee",2,3,5,1,2,1,1,4,4,"G-Star"
"180","23/05/2018 19:47:07","Ja",6585,"Man","20","Ja","Dagelijks","Nee","Ja","Prijs","Online",4,"Ja","Ja","Nee",2,4,5,5,2,5,1,2,3,"G-Star"
"181","23/05/2018 19:48:51","Ja",6596,"Man","21","Ja","Nooit","Nee","Nee","Prijs","Fysieke winkel",5,"Nee","Nee","Nee",2,3,2,1,4,2,1,5,1,"G-Star"
"182","23/05/2018 19:52:24","Ja",6533,"Man","22","Ja","Dagelijks","Ja","Ja","Prijs","Fysieke winkel",2,"Ja","Nee","Ja",1,5,1,5,2,4,1,1,3,"G-Star"
"183","23/05/2018 20:17:22","Ja",6598,"Man","23","Ja","Dagelijks","Ja","Ja","Reclame, Kwaliteit","Online",2,"Nee","Nee","Ja",4,2,4,4,5,4,3,5,1,"G-Star"
"184","23/05/2018 20:17:23","Ja",6644,"Man","22","Ja","Wekelijks","Ja","Ja","Reclame","Fysieke winkel",4,"Nee","Nee","Nee",3,3,3,3,4,2,4,4,3,"G-Star"
"185","23/05/2018 20:17:33","Nee",NA,NA,NA,NA,NA,NA,NA,NA,NA,NA,NA,NA,NA,NA,NA,NA,NA,NA,NA,NA,NA,NA,"G-Star"
"186","23/05/2018 20:18:52","Ja",6537,"Man","19","Nee","Wekelijks","Ja","Ja","Prijs, Reclame","Online",5,"Ja","Ja","Nee",3,4,4,5,3,4,3,5,3,"G-Star"
"187","23/05/2018 20:19:25","Ja",6591,"Man","19","Ja","Nooit","Nee","Nee","Personeel, Kwaliteit","Fysieke winkel",4,"Ja","Ja","Nee",1,2,1,5,5,1,5,1,5,"G-Star"
"188","23/05/2018 20:20:12","Ja",6537,"Vrouw","17 of jonger","Ja","Wekelijks","Nee","Nee","Prijs, Reclame, Kwaliteit","Fysieke winkel",3,"Nee","Ja","Ja",3,3,4,3,4,5,4,4,5,"G-Star"
"189","23/05/2018 20:21:23","Ja",6538,"Vrouw","24","Ja","Maandelijks","Nee","Ja","Prijs","Fysieke winkel",4,"Ja","Ja","Nee",4,3,4,4,5,3,4,5,3,"G-Star"
"190","23/05/2018 20:21:47","Ja",6511,"Man","25","Ja","Dagelijks","Ja","Ja","Prijs, Plaats, Kwaliteit","Fysieke winkel",5,"Nee","Nee","Ja",3,2,1,4,5,3,5,5,1,"G-Star"
"191","23/05/2018 20:22:53","Ja",6545,"Man","22","Ja","Wekelijks","Ja","Nee","Reclame, Kwaliteit","Fysieke winkel",3,"Nee","Nee","Ja",3,3,2,3,5,5,3,4,4,"G-Star"
"192","23/05/2018 20:23:50","Ja",6544,"Vrouw","21","Ja","Wekelijks","Ja","Ja","Prijs, Plaats","Online",4,"Ja","Ja","Ja",4,4,3,4,5,4,4,5,3,"G-Star"
"193","23/05/2018 20:24:31","Ja",6591,"Man","18","Ja","Maandelijks","Nee","Ja","Prijs, Plaats","Fysieke winkel",5,"Ja","Ja","Nee",4,1,4,3,2,5,1,3,2,"G-Star"
"194","23/05/2018 20:24:42","Ja",6534,"Man","25","Ja","Wekelijks","Nee","Ja","Prijs, Plaats, Personeel, Kwaliteit","Fysieke winkel",4,"Nee","Ja","Ja",4,4,4,3,5,3,5,4,3,"G-Star"
"195","25/04/2018 15:48:01","Ja",6566,"Vrouw","20","Ja","Maandelijks","Ja","Nee","Prijs, Reclame, Plaats","Fysieke winkel",4,"Ja","Ja","Nee",3,3,2,2,3,3,3,3,3,"Ikea"
"196","25/04/2018 15:48:50","Ja",6566,"Man","17 of jonger","Ja","Maandelijks","Ja","Ja","Reclame","Online",4,"Ja","Ja","Ja",3,3,3,3,3,3,3,3,3,"Ikea"
"197","25/04/2018 15:50:15","Ja",6578,"Man","20","Ja","Wekelijks","Ja","Ja","Prijs, Kwaliteit","Online",4,"Ja","Ja","Ja",2,3,3,3,3,4,4,5,4,"Ikea"
"198","25/04/2018 15:52:40","Ja",9712,"Vrouw","21","Ja","Maandelijks","Nee","Ja","Prijs, Plaats","Online",3,"Nee","Nee","Nee",2,3,2,2,3,4,4,4,3,"Ikea"
"199","25/04/2018 16:02:31","Ja",5446,"Vrouw","19","Ja","Maandelijks","Ja","Ja","Prijs, Plaats, Kwaliteit","Fysieke winkel",4,"Ja","Ja","Ja",3,2,3,2,3,2,1,2,1,"Ikea"
"200","25/04/2018 16:06:27","Ja",5446,"Man","18","Ja","Maandelijks","Ja","Nee","Prijs, Kwaliteit","Online",3,"Nee","Nee","Nee",3,3,1,1,1,1,1,1,1,"Ikea"
"201","25/04/2018 16:14:54","Ja",6511,"Vrouw","18","Ja","Maandelijks","Ja","Nee","Prijs, Plaats","Fysieke winkel",3,"Ja","Ja","Ja",2,2,2,2,3,3,3,3,3,"Ikea"
"202","25/04/2018 16:16:22","Ja",6566,"Vrouw","22","Ja","Maandelijks","Ja","Ja","Prijs, Reclame","Fysieke winkel",4,"Ja","Ja","Ja",4,4,4,4,4,4,4,4,4,"Ikea"
"203","25/04/2018 16:19:20","Ja",6566,"Vrouw","19","Ja","Maandelijks","Ja","Nee","Prijs, Plaats, Kwaliteit","Online",4,"Ja","Ja","Ja",3,3,3,3,3,3,3,3,3,"Ikea"
"204","25/04/2018 16:19:39","Ja",6546,"Vrouw","21","Ja","Wekelijks","Ja","Ja","Prijs, Kwaliteit","Online",3,"Ja","Ja","Nee",4,4,2,2,3,1,1,4,3,"Ikea"
"205","25/04/2018 16:22:25","Ja",3063,"Vrouw","22","Ja","Maandelijks","Ja","Nee","Prijs, Kwaliteit","Fysieke winkel",4,"Ja","Ja","Nee",3,4,3,3,4,4,3,3,3,"Ikea"
"206","25/04/2018 16:22:56","Ja",6701,"Vrouw","24","Ja","Nooit","Ja","Nee","Prijs, Plaats, Kwaliteit","Fysieke winkel",5,"Ja","Ja","Ja",3,1,2,1,3,3,4,3,3,"Ikea"
"207","25/04/2018 16:23:24","Ja",6578,"Vrouw","19","Ja","Wekelijks","Ja","Ja","Prijs, Kwaliteit","Fysieke winkel",4,"Ja","Ja","Nee",3,2,4,3,3,3,3,3,3,"Ikea"
"208","25/04/2018 16:34:31","Ja",6533,"Man","18","Ja","Nooit","Nee","Ja","Prijs, Kwaliteit","Fysieke winkel",4,"Nee","Nee","Nee",2,3,3,2,3,2,2,3,3,"Ikea"
"209","25/04/2018 16:45:59","Ja",6512,"Vrouw","19","Ja","Wekelijks","Ja","Ja","Prijs, Kwaliteit","Fysieke winkel",3,"Ja","Ja","Nee",2,2,2,2,2,2,2,2,2,"Ikea"
"210","25/04/2018 16:46:00","Ja",6566,"Vrouw","18","Ja","Wekelijks","Ja","Nee","Prijs, Kwaliteit","Fysieke winkel",4,"Ja","Ja","Nee",2,2,2,2,3,2,3,3,2,"Ikea"
"211","25/04/2018 16:49:31","Ja",6566,"Vrouw","18","Ja","Maandelijks","Ja","Nee","Prijs, Kwaliteit","Fysieke winkel",4,"Ja","Ja","Ja",2,2,1,1,3,4,1,1,4,"Ikea"
"212","25/04/2018 16:50:39","Ja",6512,"Man","22","Ja","Maandelijks","Ja","Ja","Prijs, Reclame, Kwaliteit","Fysieke winkel",4,"Ja","Ja","Ja",3,3,3,3,4,3,4,4,3,"Ikea"
"213","25/04/2018 17:06:30","Ja",6533,"Vrouw","19","Ja","Wekelijks","Ja","Nee","Prijs, Plaats, Kwaliteit","Fysieke winkel",3,"Ja","Ja","Nee",2,4,2,2,3,1,1,2,3,"Ikea"
"214","25/04/2018 17:18:08","Ja",6511,"Vrouw","20","Ja","Maandelijks","Ja","Ja","Prijs, Plaats, Kwaliteit","Fysieke winkel",4,"Ja","Ja","Nee",2,1,1,1,1,2,1,2,3,"Ikea"
"215","25/04/2018 17:58:43","Ja",6681,"Man","19","Ja","Maandelijks","Ja","Nee","Prijs, Kwaliteit","Fysieke winkel",4,"Ja","Ja","Ja",4,3,5,2,4,2,5,2,3,"Ikea"
"216","25/04/2018 18:06:55","Ja",6566,"Vrouw","18","Ja","Maandelijks","Ja","Nee","Prijs, Kwaliteit","Fysieke winkel",4,"Nee","Ja","Ja",2,3,2,3,4,3,3,3,4,"Ikea"
"217","25/04/2018 18:09:31","Nee",NA,NA,NA,NA,NA,NA,NA,NA,NA,NA,NA,NA,NA,NA,NA,NA,NA,NA,NA,NA,NA,NA,"Ikea"
"218","25/04/2018 18:09:39","Ja",5446,"Vrouw","18","Ja","Dagelijks","Ja","Nee","Prijs, Kwaliteit","Online",5,"Ja","Ja","Ja",4,3,2,4,3,3,4,4,3,"Ikea"
"219","25/04/2018 18:55:41","Ja",6566,"Vrouw","18","Ja","Maandelijks","Ja","Ja","Prijs, Reclame, Personeel, Kwaliteit","Fysieke winkel",4,"Ja","Ja","Nee",4,4,3,3,3,3,3,4,4,"Ikea"
"220","25/04/2018 19:46:51","Ja",6691,"Vrouw","17 of jonger","Ja","Maandelijks","Nee","Ja","Prijs, Reclame, Kwaliteit","Fysieke winkel",4,"Ja","Ja","Ja",3,3,3,4,3,3,3,3,3,"Ikea"
"221","25/04/2018 19:53:28","Ja",7054,"Vrouw","18","Ja","Maandelijks","Ja","Ja","Prijs, Plaats, Kwaliteit","Fysieke winkel",4,"Ja","Ja","Nee",3,3,3,3,3,3,3,3,3,"Ikea"
"222","25/04/2018 20:32:41","Nee",NA,NA,NA,NA,NA,NA,NA,NA,NA,NA,NA,NA,NA,NA,NA,NA,NA,NA,NA,NA,NA,NA,"Ikea"
"223","25/04/2018 22:28:09","Ja",5961,"Man","23","Ja","Wekelijks","Ja","Ja","Prijs, Kwaliteit","Fysieke winkel",5,"Ja","Ja","Nee",3,4,2,4,5,5,1,2,4,"Ikea"
"224","25/04/2018 23:00:47","Ja",6576,"Man","19","Ja","Wekelijks","Ja","Ja","Prijs, Reclame, Plaats, Personeel, Kwaliteit","Fysieke winkel",3,"Ja","Ja","Ja",2,1,2,2,5,2,1,1,1,"Ikea"
"225","26/04/2018 08:22:26","Ja",6573,"Vrouw","20","Ja","Maandelijks","Ja","Nee","Prijs, Kwaliteit","Fysieke winkel",4,"Ja","Ja","Ja",4,4,2,4,4,3,2,4,3,"Ikea"
"226","26/04/2018 08:33:40","Ja",5446,"Neutraal","26 en ouder","Nee","Dagelijks","Ja","Nee","Personeel","Fysieke winkel",2,"Nee","Ja","Nee",3,5,1,5,1,1,1,1,4,"Ikea"
"227","26/04/2018 09:44:50","Ja",7039,"Vrouw","19","Ja","Wekelijks","Nee","Ja","Prijs, Plaats, Kwaliteit","Fysieke winkel",4,"Ja","Ja","Ja",4,3,3,3,3,3,3,3,2,"Ikea"
"228","26/04/2018 09:47:44","Ja",6542,"Vrouw","18","Ja","Dagelijks","Ja","Nee","Prijs, Kwaliteit","Fysieke winkel",4,"Ja","Ja","Nee",2,2,2,3,3,2,3,3,3,"Ikea"
"229","26/04/2018 09:50:00","Ja",5371,"Vrouw","21","Ja","Maandelijks","Ja","Nee","Prijs, Plaats, Kwaliteit","Fysieke winkel",4,"Ja","Ja","Nee",3,4,3,4,4,4,2,4,4,"Ikea"
"230","26/04/2018 09:55:03","Nee",NA,NA,NA,NA,NA,NA,NA,NA,NA,NA,NA,NA,NA,NA,NA,NA,NA,NA,NA,NA,NA,NA,"Ikea"
"231","26/04/2018 09:59:11","Ja",6566,"Man","18","Ja","Wekelijks","Ja","Ja","Prijs","Online",3,"Nee","Ja","Ja",4,4,3,3,3,3,3,3,3,"Ikea"
"232","26/04/2018 10:02:21","Ja",6566,"Vrouw","19","Ja","Maandelijks","Ja","Nee","Prijs, Plaats, Kwaliteit","Fysieke winkel",5,"Ja","Ja","Ja",4,4,4,4,4,3,3,3,4,"Ikea"
"233","26/04/2018 10:06:30","Nee",NA,NA,NA,NA,NA,NA,NA,NA,NA,NA,NA,NA,NA,NA,NA,NA,NA,NA,NA,NA,NA,NA,"Ikea"
"234","26/04/2018 10:06:46","Ja",5371,"Vrouw","19","Ja","Maandelijks","Ja","Nee","Prijs, Plaats, Personeel, Kwaliteit","Fysieke winkel",5,"Ja","Ja","Ja",4,3,3,3,3,3,3,3,3,"Ikea"
"235","26/04/2018 10:19:06","Ja",6711,"Vrouw","18","Ja","Maandelijks","Ja","Nee","Prijs, Kwaliteit","Fysieke winkel",3,"Ja","Ja","Ja",4,4,2,4,4,3,2,3,3,"Ikea"
"236","26/04/2018 10:21:19","Ja",6718,"Vrouw","18","Ja","Maandelijks","Ja","Nee","Prijs, Plaats, Kwaliteit","Fysieke winkel",5,"Ja","Ja","Ja",4,3,3,3,5,2,3,4,2,"Ikea"
"237","26/04/2018 10:32:55","Ja",6521,"Vrouw","19","Ja","Dagelijks","Ja","Ja","Prijs, Reclame, Plaats, Kwaliteit","Fysieke winkel",4,"Ja","Ja","Ja",3,5,4,4,4,5,4,3,4,"Ikea"
"238","26/04/2018 10:49:06","Ja",6591,"Man","19","Ja","Wekelijks","Ja","Ja","Prijs, Plaats, Personeel, Kwaliteit","Fysieke winkel",4,"Ja","Ja","Ja",5,4,5,3,3,2,2,4,3,"Ikea"
"239","26/04/2018 10:55:04","Ja",6578,"Vrouw","18","Ja","Nooit","Nee","Nee","Prijs, Kwaliteit","Fysieke winkel",4,"Ja","Ja","Ja",3,2,2,2,3,3,2,2,3,"Ikea"
"240","26/04/2018 11:07:24","Ja",6543,"Vrouw","20","Ja","Wekelijks","Ja","Nee","Prijs, Reclame, Kwaliteit","Fysieke winkel",5,"Ja","Ja","Nee",4,5,5,4,4,3,3,5,5,"Ikea"
"241","26/04/2018 11:17:08","Ja",3583,"Vrouw","22","Ja","Maandelijks","Ja","Ja","Prijs, Plaats, Kwaliteit","Fysieke winkel",4,"Nee","Ja","Ja",3,3,3,3,2,2,2,2,2,"Ikea"
"242","26/04/2018 11:19:04","Ja",6521,"Man","23","Ja","Maandelijks","Ja","Nee","Prijs, Kwaliteit","Online",4,"Ja","Ja","Nee",1,1,1,1,2,2,1,2,1,"Ikea"
"243","26/04/2018 12:00:44","Ja",6566,"Vrouw","19","Ja","Maandelijks","Ja","Nee","Prijs, Plaats, Personeel, Kwaliteit","Fysieke winkel",4,"Ja","Ja","Ja",3,3,3,3,3,3,3,3,3,"Ikea"
"244","26/04/2018 12:07:45","Ja",5207,"Man","18","Nee","Dagelijks","Nee","Ja","Plaats","Fysieke winkel",1,"Ja","Nee","Nee",4,2,1,4,5,1,4,2,3,"Ikea"
"245","26/04/2018 12:09:34","Ja",5443,"Man","19","Ja","Maandelijks","Ja","Ja","Prijs","Fysieke winkel",4,"Ja","Ja","Nee",3,3,3,3,3,3,3,3,3,"Ikea"
"246","26/04/2018 12:10:12","Ja",5446,"Vrouw","18","Ja","Maandelijks","Ja","Ja","Prijs, Reclame, Plaats, Kwaliteit","Fysieke winkel",4,"Ja","Ja","Ja",3,3,3,3,3,3,3,3,3,"Ikea"
"247","26/04/2018 12:11:03","Ja",6566,"Vrouw","20","Ja","Maandelijks","Ja","Nee","Prijs, Plaats, Kwaliteit","Fysieke winkel",3,"Ja","Ja","Ja",2,2,2,2,2,3,1,2,2,"Ikea"
"248","26/04/2018 12:52:48","Ja",5831,"Vrouw","17 of jonger","Ja","Wekelijks","Ja","Nee","Prijs, Kwaliteit","Fysieke winkel",5,"Nee","Ja","Nee",3,3,1,4,3,5,1,1,5,"Ikea"
"249","26/04/2018 13:06:18","Ja",5446,"Vrouw","18","Ja","Wekelijks","Ja","Ja","Prijs, Reclame, Plaats","Online",3,"Ja","Ja","Ja",3,3,3,3,3,3,3,3,3,"Ikea"
"250","26/04/2018 13:49:56","Ja",5042,"Vrouw","21","Ja","Nooit","Ja","Nee","Prijs, Kwaliteit","Fysieke winkel",5,"Nee","Ja","Nee",3,2,2,2,2,2,2,2,2,"Ikea"
"251","26/04/2018 14:00:32","Ja",5446,"Man","20","Ja","Maandelijks","Nee","Nee","Prijs, Kwaliteit","Fysieke winkel",4,"Ja","Ja","Nee",2,4,3,2,2,3,2,3,4,"Ikea"
"252","26/04/2018 14:25:38","Ja",6524,"Neutraal","19","Ja","Maandelijks","Ja","Nee","Prijs, Reclame, Plaats, Personeel, Kwaliteit","Fysieke winkel",4,"Ja","Ja","Nee",2,2,2,2,2,3,1,4,3,"Ikea"
"253","26/04/2018 14:51:18","Ja",5446,"Man","19","Ja","Wekelijks","Ja","Nee","Prijs, Kwaliteit","Fysieke winkel",4,"Nee","Ja","Ja",3,3,3,3,3,3,3,3,3,"Ikea"
"254","26/04/2018 17:31:25","Ja",4556,"Neutraal","17 of jonger","Nee","Nooit","Nee","Nee","Kwaliteit","Online",5,"Ja","Ja","Nee",3,4,2,5,5,1,3,4,3,"Ikea"
"255","26/04/2018 19:17:38","Ja",5446,"Man","20","Ja","Wekelijks","Ja","Nee","Prijs, Kwaliteit","Fysieke winkel",4,"Nee","Ja","Nee",2,4,2,3,3,3,3,2,3,"Ikea"
"256","27/04/2018 02:08:05","Ja",6521,"Man","18","Ja","Maandelijks","Ja","Ja","Prijs, Kwaliteit","Fysieke winkel",5,"Ja","Ja","Nee",3,2,2,2,2,4,4,3,4,"Ikea"
"257","27/04/2018 10:47:26","Ja",5446,"Vrouw","18","Ja","Wekelijks","Ja","Ja","Prijs, Reclame, Plaats, Kwaliteit","Fysieke winkel",4,"Ja","Ja","Nee",1,1,1,1,3,1,1,2,1,"Ikea"
"258","27/04/2018 21:13:00","Ja",6566,"Vrouw","20","Ja","Maandelijks","Ja","Nee","Prijs, Kwaliteit","Fysieke winkel",5,"Ja","Ja","Nee",3,2,3,2,1,4,2,2,4,"Ikea"
"259","28/04/2018 13:40:03","Nee",NA,NA,NA,NA,NA,NA,NA,NA,NA,NA,NA,NA,NA,NA,NA,NA,NA,NA,NA,NA,NA,NA,"Ikea"
"260","29/04/2018 01:23:04","Ja",6532,"Vrouw","20","Ja","Wekelijks","Nee","Nee","Prijs, Kwaliteit","Fysieke winkel",2,"Ja","Ja","Nee",3,3,3,3,3,3,3,3,3,"Ikea"
"261","29/04/2018 14:48:08","Ja",6566,"Man","18","Ja","Maandelijks","Ja","Nee","Prijs, Plaats, Kwaliteit","Fysieke winkel",4,"Ja","Ja","Ja",2,3,3,3,4,3,1,3,3,"Ikea"
"262","02/05/2018 11:16:13","Ja",6663,"Vrouw","19","Ja","Maandelijks","Ja","Nee","Prijs, Plaats, Kwaliteit","Fysieke winkel",4,"Ja","Ja","Nee",3,4,3,3,3,4,4,4,3,"Ikea"
"263","10/05/2018 15:18:04","Ja",6524,"Vrouw","21","Ja","Maandelijks","Ja","Nee","Prijs","Fysieke winkel",4,"Ja","Ja","Nee",3,3,3,3,3,2,2,1,1,"Ikea"
"264","10/05/2018 15:19:52","Ja",6521,"Vrouw","22","Ja","Maandelijks","Ja","Nee","Prijs, Reclame, Plaats","Fysieke winkel",4,"Ja","Ja","Ja",4,2,3,3,2,3,3,2,2,"Ikea"
"265","10/05/2018 15:20:13","Ja",6571,"Vrouw","20","Ja","Wekelijks","Ja","Nee","Prijs, Reclame, Plaats","Fysieke winkel",5,"Ja","Ja","Nee",2,2,1,3,1,3,4,1,1,"Ikea"
"266","24/05/2018 11:30:31","Ja",6566,"Vrouw","19","Ja","Maandelijks","Ja","Nee","Prijs, Plaats, Kwaliteit","Fysieke winkel",5,"Nee","Ja","Ja",3,3,3,3,3,3,3,3,3,"Ikea"
"267","24/05/2018 11:31:31","Ja",7464,"Vrouw","19","Ja","Maandelijks","Ja","Nee","Prijs, Plaats, Kwaliteit","Fysieke winkel",5,"Nee","Ja","Ja",3,3,3,3,3,3,3,3,3,"Ikea"
"268","24/05/2018 11:33:07","Ja",6566,"Man","19","Ja","Maandelijks","Ja","Nee","Prijs, Reclame, Personeel","Fysieke winkel",5,"Ja","Ja","Ja",3,3,3,3,3,3,3,3,3,"Ikea"
"269","24/05/2018 11:34:23","Ja",6566,"Vrouw","19","Ja","Maandelijks","Ja","Nee","Prijs, Reclame, Plaats, Kwaliteit","Fysieke winkel",5,"Ja","Ja","Ja",3,3,3,3,3,3,3,3,3,"Ikea"
"270","24/05/2018 11:35:14","Ja",6566,"Vrouw","19","Ja","Wekelijks","Ja","Ja","Prijs, Reclame, Plaats, Personeel, Kwaliteit","Fysieke winkel",5,"Ja","Ja","Ja",4,4,4,4,4,4,4,4,4,"Ikea"
"271","24/05/2018 11:36:07","Ja",6566,"Vrouw","19","Ja","Nooit","Ja","Ja","Prijs, Reclame, Plaats, Kwaliteit","Fysieke winkel",5,"Ja","Ja","Ja",3,3,3,3,3,3,3,3,3,"Ikea"
"272","24/05/2018 11:37:12","Ja",6578,"Man","20","Ja","Maandelijks","Ja","Nee","Prijs, Reclame, Plaats, Kwaliteit","Fysieke winkel",5,"Ja","Ja","Ja",3,3,3,3,3,3,3,3,3,"Ikea"
"273","24/05/2018 11:38:23","Ja",6566,"Vrouw","19","Ja","Maandelijks","Ja","Ja","Prijs, Reclame, Plaats, Kwaliteit","Fysieke winkel",5,"Ja","Ja","Ja",4,4,4,4,4,4,4,4,4,"Ikea"
"274","24/05/2018 11:39:14","Ja",6578,"Vrouw","20","Ja","Maandelijks","Ja","Nee","Prijs, Reclame, Plaats, Personeel, Kwaliteit","Fysieke winkel",5,"Nee","Ja","Ja",4,3,3,4,4,3,3,4,3,"Ikea"
"275","24/05/2018 11:40:04","Ja",6578,"Vrouw","18","Ja","Maandelijks","Ja","Nee","Prijs, Plaats, Kwaliteit","Fysieke winkel",5,"Ja","Ja","Ja",3,3,3,3,3,3,3,3,3,"Ikea"
"276","24/05/2018 11:41:32","Ja",6566,"Vrouw","21","Ja","Maandelijks","Ja","Nee","Prijs, Reclame, Plaats, Personeel","Fysieke winkel",5,"Nee","Ja","Ja",4,4,4,4,4,4,4,4,4,"Ikea"
"277","24/05/2018 11:42:44","Ja",6454,"Man","20","Ja","Maandelijks","Ja","Nee","Prijs, Reclame, Plaats, Personeel, Kwaliteit","Fysieke winkel",5,"Ja","Ja","Ja",4,4,4,4,4,4,4,4,4,"Ikea"
"278","24/05/2018 11:44:28","Ja",3971,"Vrouw","20","Ja","Maandelijks","Ja","Ja","Prijs, Reclame, Plaats, Personeel","Fysieke winkel",5,"Ja","Ja","Ja",4,4,4,4,4,4,4,4,4,"Ikea"
"279","24/05/2018 11:45:43","Ja",3966,"Man","20","Ja","Nooit","Ja","Nee","Prijs, Plaats, Personeel","Online",5,"Nee","Ja","Nee",5,3,4,3,4,3,4,3,4,"Ikea"
"280","24/05/2018 11:46:46","Ja",3980,"Vrouw","20","Ja","Nooit","Ja","Nee","Prijs, Plaats, Personeel, Kwaliteit","Fysieke winkel",5,"Ja","Ja","Ja",3,3,3,3,3,3,4,4,4,"Ikea"
"281","24/05/2018 11:48:41","Ja",3980,"Vrouw","19","Ja","Maandelijks","Ja","Ja","Prijs, Plaats, Kwaliteit","Fysieke winkel",5,"Ja","Ja","Ja",3,3,3,3,3,3,3,3,3,"Ikea"
"282","25/04/2018 10:01:11","Ja",3903,"Man","20","Ja","Dagelijks","Ja","Ja","Prijs, Personeel, Kwaliteit","Online",4,"Ja","Ja","Ja",2,2,2,3,3,1,2,1,1,"Rituals"
"283","25/04/2018 10:02:04","Ja",5845,"Man","19","Ja","Maandelijks","Ja","Ja","Prijs, Plaats, Kwaliteit","Fysieke winkel",4,"Ja","Ja","Ja",3,3,2,2,3,3,3,2,1,"Rituals"
"284","25/04/2018 16:18:18","Ja",6524,"Vrouw","21","Ja","Nooit","Ja","Nee","Prijs, Plaats, Kwaliteit","Fysieke winkel",4,"Ja","Ja","Ja",2,4,4,3,3,4,2,1,1,"Rituals"
"285","25/04/2018 17:26:27","Ja",5446,"Man","17 of jonger","Ja","Nooit","Nee","Nee","Prijs, Kwaliteit","Fysieke winkel",4,"Ja","Ja","Ja",4,3,1,4,3,3,4,2,1,"Rituals"
"286","25/04/2018 17:35:54","Ja",5348,"Man","21","Ja","Nooit","Nee","Ja","Prijs, Reclame, Plaats, Personeel, Kwaliteit","Fysieke winkel",2,"Ja","Ja","Ja",2,2,2,2,4,4,4,2,2,"Rituals"
"287","25/04/2018 17:37:51","Ja",5371,"Man","21","Ja","Nooit","Nee","Ja","Prijs, Kwaliteit","Fysieke winkel",3,"Ja","Ja","Ja",3,2,2,4,4,4,1,4,2,"Rituals"
"288","25/04/2018 17:39:57","Ja",5345,"Man","18","Ja","Maandelijks","Ja","Ja","Prijs, Reclame, Kwaliteit","Fysieke winkel",4,"Ja","Ja","Ja",4,1,2,2,3,2,1,3,2,"Rituals"
"289","25/04/2018 17:46:35","Ja",1234,"Neutraal","26 en ouder","Nee","Nooit","Nee","Nee","Plaats","Fysieke winkel",1,"Nee","Nee","Nee",1,1,1,1,1,1,1,1,1,"Rituals"
"290","25/04/2018 17:47:12","Ja",5454,"Man","18","Ja","Nooit","Ja","Ja","Prijs, Reclame, Kwaliteit","Online",2,"Ja","Ja","Ja",4,4,3,4,4,2,2,2,2,"Rituals"
"291","25/04/2018 18:51:52","Ja",5845,"Vrouw","21","Ja","Nooit","Nee","Ja","Prijs, Kwaliteit","Fysieke winkel",5,"Ja","Ja","Ja",2,2,2,2,3,2,2,2,1,"Rituals"
"292","25/04/2018 19:00:31","Ja",5845,"Vrouw","18","Ja","Maandelijks","Ja","Nee","Prijs, Kwaliteit","Fysieke winkel",4,"Ja","Ja","Ja",3,3,3,4,4,4,3,2,1,"Rituals"
"293","25/04/2018 22:58:50","Ja",5835,"Vrouw","17 of jonger","Ja","Wekelijks","Ja","Ja","Prijs, Reclame, Kwaliteit","Fysieke winkel",4,"Ja","Ja","Nee",3,3,2,3,4,3,3,3,3,"Rituals"
"294","26/04/2018 10:31:02","Ja",3903,"Vrouw","21","Ja","Wekelijks","Ja","Nee","Prijs, Kwaliteit","Fysieke winkel",4,"Ja","Ja","Ja",2,3,1,3,3,1,1,1,1,"Rituals"
"295","26/04/2018 11:20:15","Ja",5431,"Man","21","Ja","Nooit","Nee","Nee","Reclame, Plaats","Online",5,"Nee","Nee","Nee",4,2,4,1,4,3,4,2,4,"Rituals"
"296","26/04/2018 12:32:00","Ja",6591,"Man","19","Nee","Nooit","Nee","Nee","Prijs, Kwaliteit","Fysieke winkel",4,"Nee","Nee","Nee",4,3,4,4,3,5,2,4,3,"Rituals"
"297","26/04/2018 12:32:43","Ja",5845,"Man","17 of jonger","Ja","Nooit","Ja","Ja","Prijs, Reclame, Plaats, Kwaliteit","Online",5,"Ja","Ja","Ja",2,2,2,2,2,2,2,2,1,"Rituals"
"298","26/04/2018 12:32:55","Nee",NA,NA,NA,NA,NA,NA,NA,NA,NA,NA,NA,NA,NA,NA,NA,NA,NA,NA,NA,NA,NA,NA,"Rituals"
"299","26/04/2018 12:35:49","Ja",5447,"Man","25","Ja","Maandelijks","Ja","Ja","Prijs, Kwaliteit","Online",4,"Ja","Ja","Ja",1,2,2,2,3,2,2,2,2,"Rituals"
"300","26/04/2018 13:32:34","Nee",NA,NA,NA,NA,NA,NA,NA,NA,NA,NA,NA,NA,NA,NA,NA,NA,NA,NA,NA,NA,NA,NA,"Rituals"
"301","26/04/2018 13:32:40","Nee",NA,NA,NA,NA,NA,NA,NA,NA,NA,NA,NA,NA,NA,NA,NA,NA,NA,NA,NA,NA,NA,NA,"Rituals"
"302","26/04/2018 13:34:03","Ja",5845,"Vrouw","21","Ja","Nooit","Ja","Ja","Prijs, Kwaliteit","Online",5,"Ja","Ja","Ja",2,2,2,2,2,3,2,2,1,"Rituals"
"303","26/04/2018 13:39:20","Ja",6711,"Vrouw","18","Ja","Wekelijks","Ja","Nee","Prijs, Kwaliteit","Online",3,"Ja","Ja","Ja",4,4,2,3,3,3,3,3,2,"Rituals"
"304","26/04/2018 13:40:52","Ja",5431,"Man","17 of jonger","Ja","Maandelijks","Ja","Ja","Prijs","Fysieke winkel",4,"Ja","Ja","Ja",2,2,2,3,2,2,2,2,2,"Rituals"
"305","26/04/2018 14:30:13","Ja",5835,"Man","22","Ja","Nooit","Ja","Ja","Prijs, Reclame, Kwaliteit","Fysieke winkel",4,"Ja","Ja","Nee",2,2,3,2,2,2,2,2,1,"Rituals"
"306","26/04/2018 17:02:00","Ja",5845,"Vrouw","19","Ja","Nooit","Nee","Ja","Prijs","Fysieke winkel",5,"Ja","Ja","Ja",1,2,2,2,1,2,2,1,2,"Rituals"
"307","26/04/2018 18:35:23","Ja",485,"Man","17 of jonger","Ja","Nooit","Ja","Ja","Prijs, Kwaliteit","Fysieke winkel",5,"Ja","Ja","Ja",2,2,1,2,2,2,2,2,1,"Rituals"
"308","26/04/2018 19:43:18","Ja",5836,"Man","20","Ja","Nooit","Ja","Ja","Prijs, Plaats, Kwaliteit","Fysieke winkel",4,"Ja","Ja","Ja",2,2,2,2,2,1,1,2,1,"Rituals"
"309","28/04/2018 10:17:26","Ja",5845,"Man","21","Ja","Nooit","Ja","Ja","Prijs, Kwaliteit","Fysieke winkel",5,"Ja","Ja","Nee",2,2,2,2,2,2,2,1,2,"Rituals"
"310","02/05/2018 10:59:52","Ja",6342,"Vrouw","19","Ja","Maandelijks","Ja","Ja","Prijs, Kwaliteit","Fysieke winkel",4,"Ja","Ja","Ja",4,5,5,5,3,3,3,1,1,"Rituals"
"311","02/05/2018 11:03:00","Ja",6578,"Vrouw","23","Ja","Maandelijks","Ja","Ja","Prijs, Plaats, Personeel, Kwaliteit","Fysieke winkel",4,"Ja","Ja","Ja",3,5,4,5,3,4,3,1,1,"Rituals"
"312","02/05/2018 11:09:12","Ja",6525,"Vrouw","21","Ja","Nooit","Ja","Ja","Plaats, Personeel, Kwaliteit","Fysieke winkel",5,"Ja","Ja","Ja",4,5,4,5,3,4,3,1,1,"Rituals"
"313","02/05/2018 11:32:56","Ja",5800,"Man","23","Ja","Nooit","Ja","Ja","Prijs, Kwaliteit","Fysieke winkel",5,"Ja","Ja","Ja",2,2,2,2,2,1,1,1,2,"Rituals"
"314","02/05/2018 21:43:59","Ja",6571,"Vrouw","22","Ja","Maandelijks","Ja","Ja","Kwaliteit","Fysieke winkel",5,"Ja","Ja","Ja",4,4,4,4,4,3,3,1,1,"Rituals"
"315","02/05/2018 21:45:14","Ja",6524,"Vrouw","21","Ja","Nooit","Ja","Ja","Plaats, Kwaliteit","Online",4,"Ja","Ja","Ja",3,4,3,4,2,2,2,1,1,"Rituals"
"316","02/05/2018 21:46:46","Ja",6569,"Man","21","Ja","Nooit","Nee","Ja","Prijs, Kwaliteit","Online",4,"Nee","Ja","Ja",4,4,4,4,3,3,3,1,1,"Rituals"
"317","03/05/2018 13:55:49","Ja",6522,"Vrouw","18","Ja","Nooit","Ja","Ja","Kwaliteit","Fysieke winkel",4,"Ja","Ja","Ja",4,5,3,4,3,3,3,1,1,"Rituals"
"318","03/05/2018 13:58:43","Ja",6527,"Vrouw","22","Ja","Maandelijks","Ja","Ja","Kwaliteit","Fysieke winkel",5,"Ja","Ja","Ja",4,4,4,4,2,3,3,1,1,"Rituals"
"319","03/05/2018 14:11:15","Ja",3911,"Man","22","Ja","Nooit","Nee","Ja","Prijs, Kwaliteit","Fysieke winkel",3,"Ja","Ja","Ja",2,2,1,3,4,2,3,1,3,"Rituals"
"320","03/05/2018 14:16:45","Ja",3911,"Man","21","Ja","Wekelijks","Ja","Nee","Personeel","Fysieke winkel",4,"Ja","Ja","Nee",3,2,2,4,3,1,2,1,1,"Rituals"
"321","03/05/2018 14:18:28","Ja",5845,"Man","21","Ja","Nooit","Ja","Ja","Prijs, Plaats, Kwaliteit","Fysieke winkel",4,"Ja","Ja","Ja",2,2,1,2,1,1,2,2,2,"Rituals"
"322","03/05/2018 14:26:09","Nee",NA,NA,NA,NA,NA,NA,NA,NA,NA,NA,NA,NA,NA,NA,NA,NA,NA,NA,NA,NA,NA,NA,"Rituals"
"323","03/05/2018 14:47:47","Ja",5364,"Vrouw","19","Ja","Maandelijks","Ja","Nee","Prijs, Kwaliteit","Fysieke winkel",3,"Nee","Nee","Ja",3,3,1,3,3,1,1,3,1,"Rituals"
"324","03/05/2018 14:49:08","Ja",6604,"Man","22","Ja","Maandelijks","Ja","Nee","Prijs, Plaats, Kwaliteit","Online",3,"Nee","Ja","Nee",4,3,2,3,3,2,2,3,2,"Rituals"
"325","03/05/2018 15:05:38","Ja",6604,"Vrouw","18","Ja","Maandelijks","Ja","Nee","Prijs, Kwaliteit","Fysieke winkel",4,"Nee","Ja","Nee",4,4,3,4,3,4,3,4,4,"Rituals"
"326","03/05/2018 15:30:04","Ja",6604,"Man","21","Ja","Nooit","Nee","Ja","Prijs, Reclame, Plaats, Personeel, Kwaliteit","Fysieke winkel",4,"Ja","Ja","Ja",5,4,3,4,3,4,4,5,4,"Rituals"
"327","03/05/2018 16:22:46","Ja",6511,"Vrouw","21","Ja","Nooit","Ja","Nee","Kwaliteit","Online",3,"Nee","Nee","Nee",1,1,1,1,2,1,1,1,3,"Rituals"
"328","03/05/2018 17:29:39","Ja",6601,"Man","19","Nee","Nooit","Nee","Ja","Prijs, Reclame, Personeel, Kwaliteit","Fysieke winkel",3,"Ja","Ja","Nee",3,3,3,3,3,3,3,3,3,"Rituals"
"329","03/05/2018 18:42:26","Ja",5845,"Man","17 of jonger","Ja","Maandelijks","Ja","Ja","Prijs, Kwaliteit","Fysieke winkel",5,"Ja","Ja","Ja",2,2,2,2,1,1,2,2,1,"Rituals"
"330","03/05/2018 19:21:23","Ja",6601,"Vrouw","18","Ja","Nooit","Nee","Ja","Prijs, Kwaliteit","Online",4,"Nee","Ja","Nee",3,3,3,3,3,5,4,4,4,"Rituals"
"331","03/05/2018 20:43:01","Ja",6604,"Vrouw","21","Ja","Maandelijks","Ja","Ja","Prijs, Kwaliteit","Online",3,"Ja","Ja","Nee",3,3,3,3,3,3,3,3,4,"Rituals"
"332","03/05/2018 20:58:58","Ja",5463,"Man","19","Ja","Nooit","Ja","Ja","Prijs, Kwaliteit","Fysieke winkel",3,"Ja","Ja","Ja",3,3,3,3,4,4,2,3,3,"Rituals"
"333","03/05/2018 21:36:16","Ja",6601,"Vrouw","18","Ja","Maandelijks","Ja","Nee","Prijs, Personeel, Kwaliteit","Fysieke winkel",4,"Ja","Ja","Ja",2,3,3,3,3,2,1,3,3,"Rituals"
"334","03/05/2018 21:48:14","Ja",5431,"Man","26 en ouder","Nee","Nooit","Nee","Ja","Prijs, Kwaliteit","Online",5,"Nee","Nee","Nee",3,4,4,4,3,4,4,4,3,"Rituals"
"335","04/05/2018 05:53:20","Nee",NA,NA,NA,NA,NA,NA,NA,NA,NA,NA,NA,NA,NA,NA,NA,NA,NA,NA,NA,NA,NA,NA,"Rituals"
"336","04/05/2018 09:55:30","Ja",5374,"Vrouw","19","Ja","Maandelijks","Ja","Ja","Kwaliteit","Online",4,"Ja","Ja","Ja",3,3,3,3,3,3,1,3,3,"Rituals"
"337","04/05/2018 10:29:45","Ja",1012,"Neutraal","19","Nee","Nooit","Nee","Ja","Prijs, Kwaliteit","Online",4,"Nee","Nee","Ja",2,1,2,2,4,3,1,1,2,"Rituals"
"338","04/05/2018 10:32:35","Ja",1012,"Man","21","Ja","Wekelijks","Nee","Ja","Prijs, Plaats, Kwaliteit","Online",2,"Ja","Ja","Nee",4,2,3,2,4,2,3,2,2,"Rituals"
"339","04/05/2018 10:36:52","Ja",1012,"Man","21","Ja","Maandelijks","Ja","Ja","Plaats, Kwaliteit","Fysieke winkel",3,"Nee","Nee","Ja",2,3,3,2,5,1,1,1,1,"Rituals"
"340","04/05/2018 11:36:36","Ja",1012,"Vrouw","20","Ja","Dagelijks","Ja","Ja","Prijs, Kwaliteit","Online",4,"Ja","Ja","Nee",3,4,4,3,4,2,3,3,2,"Rituals"
"341","04/05/2018 16:23:30","Ja",6511,"Vrouw","21","Ja","Nooit","Ja","Ja","Prijs, Reclame, Kwaliteit","Fysieke winkel",2,"Ja","Ja","Nee",2,2,2,4,4,4,4,2,2,"Rituals"
"342","04/05/2018 16:29:39","Ja",5361,"Man","20","Ja","Maandelijks","Ja","Ja","Prijs, Reclame, Plaats, Personeel, Kwaliteit","Fysieke winkel",4,"Ja","Ja","Ja",4,4,4,4,3,4,2,3,3,"Rituals"
"343","05/05/2018 00:16:53","Nee",NA,NA,NA,NA,NA,NA,NA,NA,NA,NA,NA,NA,NA,NA,NA,NA,NA,NA,NA,NA,NA,NA,"Rituals"
"344","05/05/2018 01:32:00","Ja",5943,"Man","21","Ja","Maandelijks","Nee","Nee","Prijs, Kwaliteit","Fysieke winkel",3,"Nee","Nee","Ja",4,4,3,3,4,3,2,4,2,"Rituals"
"345","05/05/2018 23:53:36","Ja",5845,"Man","26 en ouder","Ja","Nooit","Ja","Nee","Prijs, Kwaliteit","Online",4,"Ja","Ja","Ja",2,2,2,2,2,2,2,1,2,"Rituals"
"346","08/05/2018 12:58:11","Ja",6524,"Vrouw","21","Ja","Nooit","Ja","Nee","Plaats, Kwaliteit","Fysieke winkel",5,"Ja","Ja","Ja",4,5,3,5,3,3,3,1,1,"Rituals"
"347","08/05/2018 13:00:11","Ja",6534,"Vrouw","19","Ja","Maandelijks","Ja","Nee","Prijs, Plaats, Personeel, Kwaliteit","Fysieke winkel",4,"Ja","Ja","Ja",4,4,3,4,2,2,2,1,1,"Rituals"
"348","08/05/2018 15:48:16","Ja",6577,"Vrouw","20","Ja","Maandelijks","Ja","Nee","Kwaliteit","Fysieke winkel",4,"Ja","Ja","Ja",4,5,4,5,3,3,3,1,1,"Rituals"
"349","08/05/2018 17:06:11","Ja",5845,"Man","23","Ja","Nooit","Ja","Ja","Prijs, Kwaliteit","Fysieke winkel",5,"Ja","Ja","Ja",2,2,2,2,2,2,2,1,1,"Rituals"
"350","09/05/2018 11:45:31","Ja",5845,"Man","20","Ja","Nooit","Ja","Ja","Prijs, Kwaliteit","Fysieke winkel",4,"Ja","Ja","Ja",1,1,1,2,2,1,2,1,1,"Rituals"
"351","09/05/2018 13:51:28","Ja",6545,"Vrouw","18","Ja","Maandelijks","Ja","Ja","Prijs, Plaats, Kwaliteit","Fysieke winkel",4,"Ja","Ja","Ja",3,4,3,4,3,3,3,1,1,"Rituals"
"352","09/05/2018 13:52:05","Ja",6571,"Man","21","Ja","Nooit","Ja","Ja","Prijs, Reclame, Kwaliteit","Fysieke winkel",4,"Ja","Ja","Nee",2,3,1,3,1,1,3,4,1,"Rituals"
"353","09/05/2018 13:52:46","Ja",6526,"Vrouw","24","Ja","Maandelijks","Ja","Ja","Prijs, Kwaliteit","Fysieke winkel",5,"Ja","Ja","Ja",3,5,3,5,3,3,3,1,1,"Rituals"
"354","09/05/2018 14:18:56","Ja",6571,"Vrouw","22","Ja","Maandelijks","Ja","Nee","Plaats, Personeel, Kwaliteit","Fysieke winkel",4,"Ja","Ja","Ja",3,5,4,5,3,4,4,1,1,"Rituals"
"355","09/05/2018 14:37:50","Ja",6578,"Vrouw","23","Ja","Wekelijks","Ja","Ja","Prijs, Personeel, Kwaliteit","Fysieke winkel",5,"Ja","Ja","Ja",4,5,4,5,4,4,4,2,2,"Rituals"
"356","09/05/2018 17:16:36","Ja",6544,"Vrouw","21","Ja","Maandelijks","Ja","Nee","Plaats, Kwaliteit","Fysieke winkel",4,"Ja","Ja","Ja",4,5,3,5,3,3,3,1,1,"Rituals"
"357","10/05/2018 00:58:28","Ja",6526,"Vrouw","20","Ja","Nooit","Ja","Ja","Kwaliteit","Fysieke winkel",5,"Ja","Ja","Ja",4,4,4,4,4,4,4,2,2,"Rituals"
"358","10/05/2018 15:06:36","Ja",6512,"Vrouw","19","Ja","Maandelijks","Ja","Ja","Plaats, Kwaliteit","Fysieke winkel",5,"Ja","Ja","Ja",3,4,3,4,3,4,4,1,1,"Rituals"
"359","10/05/2018 15:14:13","Ja",6542,"Vrouw","22","Ja","Maandelijks","Ja","Ja","Prijs, Plaats, Kwaliteit","Fysieke winkel",4,"Ja","Ja","Ja",4,5,4,5,2,3,3,2,1,"Rituals"
"360","10/05/2018 15:35:18","Ja",6574,"Vrouw","20","Ja","Maandelijks","Ja","Ja","Kwaliteit","Fysieke winkel",5,"Ja","Ja","Ja",4,5,4,5,3,3,3,3,3,"Rituals"
"361","10/05/2018 21:55:15","Nee",NA,NA,NA,NA,NA,NA,NA,NA,NA,NA,NA,NA,NA,NA,NA,NA,NA,NA,NA,NA,NA,NA,"Rituals"
"362","11/05/2018 03:15:22","Ja",6544,"Vrouw","21","Ja","Maandelijks","Ja","Ja","Reclame, Kwaliteit","Fysieke winkel",5,"Ja","Ja","Ja",3,5,4,5,3,3,4,1,2,"Rituals"
"363","13/05/2018 14:40:03","Ja",6527,"Vrouw","20","Ja","Maandelijks","Ja","Ja","Kwaliteit","Fysieke winkel",4,"Ja","Ja","Ja",4,5,3,5,3,4,4,2,2,"Rituals"
"364","13/05/2018 14:41:26","Ja",6575,"Vrouw","22","Ja","Nooit","Ja","Nee","Prijs, Kwaliteit","Online",4,"Ja","Ja","Nee",3,4,3,4,3,3,3,2,2,"Rituals"
"365","13/05/2018 18:01:49","Ja",6555,"Neutraal","21","Ja","Maandelijks","Ja","Nee","Personeel, Kwaliteit","Fysieke winkel",5,"Ja","Ja","Ja",4,5,3,5,3,3,3,1,1,"Rituals"
"366","13/05/2018 18:04:46","Ja",6765,"Vrouw","24","Ja","Nooit","Ja","Ja","Prijs, Reclame, Plaats, Personeel, Kwaliteit","Fysieke winkel",4,"Ja","Ja","Ja",4,4,4,4,2,3,3,1,1,"Rituals"
"367","14/05/2018 14:04:08","Ja",5845,"Man","23","Ja","Nooit","Ja","Ja","Prijs, Kwaliteit","Fysieke winkel",5,"Ja","Ja","Ja",1,1,2,2,2,2,3,2,2,"Rituals"
"368","14/05/2018 15:57:12","Ja",5845,"Man","19","Ja","Nooit","Ja","Ja","Prijs, Plaats, Kwaliteit","Fysieke winkel",5,"Ja","Ja","Ja",2,1,1,1,2,1,2,1,1,"Rituals"
"369","15/05/2018 15:38:03","Ja",3903,"Vrouw","18","Ja","Wekelijks","Nee","Nee","Kwaliteit","Fysieke winkel",3,"Ja","Ja","Ja",2,3,2,4,4,2,3,3,2,"Rituals"
"370","16/05/2018 15:32:36","Ja",6524,"Vrouw","22","Ja","Nooit","Ja","Ja","Kwaliteit","Fysieke winkel",4,"Ja","Ja","Ja",3,3,3,4,3,3,3,1,1,"Rituals"
"371","18/05/2018 11:47:35","Ja",6524,"Vrouw","20","Ja","Nooit","Ja","Ja","Kwaliteit","Fysieke winkel",5,"Ja","Ja","Ja",4,5,3,4,3,3,3,1,1,"Rituals"
"372","18/05/2018 13:05:02","Ja",6511,"Vrouw","18","Nee","Nooit","Nee","Ja","Prijs, Reclame, Kwaliteit","Fysieke winkel",2,"Nee","Nee","Ja",4,2,2,3,4,2,1,1,2,"Rituals"
"373","19/05/2018 16:35:52","Ja",6524,"Vrouw","21","Ja","Nooit","Ja","Nee","Kwaliteit","Fysieke winkel",4,"Ja","Ja","Ja",3,4,3,5,3,3,3,1,1,"Rituals"
"374","19/05/2018 16:37:03","Ja",6571,"Vrouw","19","Ja","Nooit","Ja","Nee","Kwaliteit","Fysieke winkel",4,"Ja","Ja","Ja",3,5,3,5,3,4,4,1,1,"Rituals"
"375","23/05/2018 19:49:22","Ja",5845,"Vrouw","22","Ja","Nooit","Ja","Ja","Prijs, Kwaliteit","Fysieke winkel",4,"Ja","Ja","Ja",3,4,2,2,2,2,2,2,2,"Rituals"
"376","24/05/2018 12:08:45","Ja",6524,"Vrouw","21","Ja","Nooit","Ja","Ja","Kwaliteit","Fysieke winkel",4,"Ja","Ja","Ja",3,4,3,5,3,3,3,1,1,"Rituals"
"377","24/05/2018 12:10:57","Ja",6571,"Man","22","Ja","Nooit","Ja","Nee","Kwaliteit","Fysieke winkel",4,"Ja","Ja","Ja",2,4,2,5,2,4,3,2,2,"Rituals"
"378","25/04/2018 15:53:46","Nee",NA,NA,NA,NA,NA,NA,NA,NA,NA,NA,NA,NA,NA,NA,NA,NA,NA,NA,NA,NA,NA,NA,"Vespa"
"379","25/04/2018 15:57:07","Ja",3903,"Vrouw","17 of jonger","Ja","Nooit","Nee","Ja","Prijs, Kwaliteit","Fysieke winkel",4,"Ja","Ja","Nee",1,1,1,1,1,3,1,4,3,"Vespa"
"380","25/04/2018 15:58:36","Ja",6717,"Man","20","Ja","Nooit","Nee","Nee","Prijs","Fysieke winkel",5,"Nee","Nee","Nee",1,1,1,1,1,1,1,5,1,"Vespa"
"381","25/04/2018 15:59:52","Ja",3904,"Vrouw","17 of jonger","Ja","Maandelijks","Nee","Ja","Prijs, Reclame, Kwaliteit","Fysieke winkel",4,"Nee","Nee","Ja",3,2,2,3,4,2,3,2,2,"Vespa"
"382","25/04/2018 16:09:52","Nee",NA,NA,NA,NA,NA,NA,NA,NA,NA,NA,NA,NA,NA,NA,NA,NA,NA,NA,NA,NA,NA,NA,"Vespa"
"383","25/04/2018 16:12:57","Ja",6711,"Vrouw","19","Ja","Nooit","Nee","Nee","Prijs, Kwaliteit","Fysieke winkel",2,"Ja","Ja","Nee",3,3,2,2,3,3,1,2,2,"Vespa"
"384","25/04/2018 16:14:21","Ja",6713,"Vrouw","19","Ja","Maandelijks","Ja","Nee","Prijs, Kwaliteit","Fysieke winkel",4,"Ja","Ja","Ja",3,3,4,2,4,4,3,4,3,"Vespa"
"385","25/04/2018 16:14:59","Nee",NA,NA,NA,NA,NA,NA,NA,NA,NA,NA,NA,NA,NA,NA,NA,NA,NA,NA,NA,NA,NA,NA,"Vespa"
"386","25/04/2018 16:15:43","Ja",6546,"Vrouw","17 of jonger","Ja","Nooit","Nee","Ja","Prijs, Personeel, Kwaliteit","Fysieke winkel",3,"Nee","Nee","Ja",2,2,3,2,3,2,2,3,3,"Vespa"
"387","25/04/2018 16:15:50","Ja",6711,"Vrouw","19","Ja","Nooit","Nee","Nee","Prijs, Plaats, Kwaliteit","Fysieke winkel",5,"Nee","Nee","Ja",1,1,1,1,4,1,1,1,3,"Vespa"
"388","25/04/2018 16:15:57","Ja",6718,"Vrouw","18","Ja","Nooit","Nee","Ja","Prijs, Kwaliteit","Fysieke winkel",4,"Nee","Ja","Nee",4,2,2,3,4,4,3,3,2,"Vespa"
"389","25/04/2018 16:16:21","Ja",3892,"Vrouw","20","Nee","Nooit","Nee","Ja","Prijs, Kwaliteit","Fysieke winkel",3,"Ja","Nee","Ja",3,3,3,3,3,3,3,3,3,"Vespa"
"390","25/04/2018 16:17:05","Ja",6711,"Vrouw","18","Ja","Nooit","Ja","Nee","Prijs, Kwaliteit","Fysieke winkel",4,"Ja","Ja","Ja",2,1,1,2,3,2,2,1,1,"Vespa"
"391","25/04/2018 16:17:27","Ja",6712,"Vrouw","19","Ja","Nooit","Ja","Nee","Prijs, Kwaliteit","Fysieke winkel",3,"Nee","Ja","Ja",2,2,2,2,2,2,2,2,4,"Vespa"
"392","25/04/2018 16:18:13","Ja",3032,"Vrouw","19","Ja","Nooit","Nee","Nee","Prijs, Kwaliteit","Fysieke winkel",4,"Nee","Ja","Ja",3,3,4,4,4,4,4,4,4,"Vespa"
"393","25/04/2018 16:21:38","Ja",6711,"Man","25","Ja","Maandelijks","Nee","Ja","Prijs","Fysieke winkel",5,"Nee","Ja","Ja",3,3,2,2,3,2,3,2,3,"Vespa"
"394","25/04/2018 16:25:07","Ja",3901,"Vrouw","18","Ja","Nooit","Ja","Ja","Prijs, Kwaliteit","Fysieke winkel",3,"Nee","Nee","Ja",2,2,3,3,4,3,2,3,3,"Vespa"
"395","25/04/2018 16:26:19","Ja",6546,"Man","19","Nee","Nooit","Nee","Nee","Prijs, Plaats, Kwaliteit","Fysieke winkel",5,"Nee","Ja","Nee",4,3,1,5,5,4,1,2,1,"Vespa"
"396","25/04/2018 16:29:08","Ja",4041,"Vrouw","18","Ja","Nooit","Nee","Ja","Prijs, Kwaliteit","Fysieke winkel",3,"Nee","Nee","Ja",4,3,3,3,3,3,3,3,3,"Vespa"
"397","25/04/2018 16:29:21","Ja",3906,"Vrouw","17 of jonger","Ja","Nooit","Nee","Nee","Prijs","Fysieke winkel",3,"Nee","Nee","Nee",3,2,2,2,3,1,1,1,2,"Vespa"
"398","25/04/2018 16:29:39","Ja",6711,"Vrouw","18","Ja","Nooit","Nee","Ja","Prijs, Plaats, Kwaliteit","Fysieke winkel",4,"Nee","Nee","Ja",4,4,2,4,4,2,1,4,1,"Vespa"
"399","25/04/2018 16:35:39","Ja",3904,"Vrouw","17 of jonger","Ja","Nooit","Nee","Nee","Prijs, Kwaliteit","Fysieke winkel",4,"Nee","Ja","Nee",3,3,3,3,3,3,3,3,4,"Vespa"
"400","25/04/2018 16:41:23","Nee",NA,NA,NA,NA,NA,NA,NA,NA,NA,NA,NA,NA,NA,NA,NA,NA,NA,NA,NA,NA,NA,NA,"Vespa"
"401","25/04/2018 16:45:21","Ja",3903,"Vrouw","17 of jonger","Ja","Maandelijks","Ja","Ja","Prijs, Kwaliteit","Fysieke winkel",3,"Ja","Ja","Ja",3,3,2,2,3,3,3,3,3,"Vespa"
"402","25/04/2018 16:49:25","Ja",3905,"Vrouw","19","Ja","Nooit","Nee","Nee","Prijs, Plaats, Kwaliteit","Fysieke winkel",3,"Nee","Nee","Nee",5,4,1,3,3,4,1,3,1,"Vespa"
"403","25/04/2018 16:57:58","Nee",NA,NA,NA,NA,NA,NA,NA,NA,NA,NA,NA,NA,NA,NA,NA,NA,NA,NA,NA,NA,NA,NA,"Vespa"
"404","25/04/2018 17:22:18","Ja",3904,"Vrouw","19","Ja","Nooit","Ja","Nee","Prijs, Kwaliteit","Online",3,"Nee","Ja","Nee",4,3,2,4,3,3,1,3,3,"Vespa"
"405","25/04/2018 17:27:58","Ja",2315,"Vrouw","19","Ja","Nooit","Nee","Ja","Prijs, Kwaliteit","Fysieke winkel",4,"Nee","Nee","Nee",3,4,4,4,4,3,2,3,3,"Vespa"
"406","25/04/2018 17:38:28","Ja",6713,"Vrouw","21","Ja","Nooit","Nee","Ja","Prijs, Kwaliteit","Fysieke winkel",3,"Ja","Ja","Ja",4,3,3,3,4,4,4,4,3,"Vespa"
"407","25/04/2018 17:42:47","Ja",3904,"Vrouw","17 of jonger","Ja","Nooit","Ja","Ja","Kwaliteit","Fysieke winkel",4,"Ja","Ja","Ja",4,3,2,4,4,3,3,4,3,"Vespa"
"408","25/04/2018 18:46:41","Ja",3907,"Vrouw","17 of jonger","Ja","Nooit","Nee","Ja","Prijs, Kwaliteit","Fysieke winkel",3,"Nee","Nee","Nee",1,2,1,2,4,3,1,3,3,"Vespa"
"409","25/04/2018 18:54:27","Ja",3772,"Vrouw","19","Ja","Nooit","Nee","Nee","Prijs, Plaats, Kwaliteit","Fysieke winkel",4,"Nee","Nee","Ja",4,3,2,3,3,3,3,3,4,"Vespa"
"410","25/04/2018 19:15:17","Ja",2315,"Vrouw","19","Ja","Nooit","Nee","Ja","Prijs, Kwaliteit","Fysieke winkel",4,"Nee","Nee","Nee",3,4,4,4,4,3,2,3,3,"Vespa"
"411","25/04/2018 20:03:11","Ja",3904,"Man","26 en ouder","Ja","Nooit","Nee","Ja","Prijs, Reclame, Kwaliteit","Online",3,"Nee","Nee","Ja",3,3,3,3,3,3,3,3,2,"Vespa"
"412","25/04/2018 20:39:32","Ja",6711,"Vrouw","17 of jonger","Ja","Nooit","Nee","Nee","Prijs, Kwaliteit","Fysieke winkel",3,"Ja","Ja","Ja",1,1,1,2,1,3,1,1,1,"Vespa"
"413","25/04/2018 20:46:05","Ja",6718,"Vrouw","19","Ja","Nooit","Ja","Ja","Prijs, Reclame, Kwaliteit","Fysieke winkel",4,"Nee","Ja","Ja",4,4,3,3,3,2,2,3,2,"Vespa"
"414","25/04/2018 21:19:19","Ja",6708,"Man","19","Ja","Nooit","Ja","Ja","Prijs, Kwaliteit","Fysieke winkel",4,"Ja","Ja","Nee",3,3,3,3,4,3,4,5,3,"Vespa"
"415","25/04/2018 22:23:18","Ja",3864,"Man","18","Ja","Nooit","Ja","Nee","Kwaliteit","Fysieke winkel",4,"Ja","Ja","Ja",2,2,2,3,3,4,2,3,4,"Vespa"
"416","25/04/2018 22:23:32","Ja",6718,"Vrouw","17 of jonger","Ja","Maandelijks","Ja","Ja","Prijs, Reclame, Kwaliteit","Online",3,"Ja","Ja","Ja",3,3,3,3,3,3,3,3,3,"Vespa"
"417","25/04/2018 22:45:31","Nee",NA,NA,NA,NA,NA,NA,NA,NA,NA,NA,NA,NA,NA,NA,NA,NA,NA,NA,NA,NA,NA,NA,"Vespa"
"418","25/04/2018 22:50:54","Ja",1298,"Man","18","Ja","Nooit","Nee","Nee","Prijs, Plaats, Kwaliteit","Online",3,"Nee","Nee","Nee",3,3,3,3,3,3,3,3,3,"Vespa"
"419","25/04/2018 23:29:59","Ja",6717,"Vrouw","22","Ja","Nooit","Ja","Nee","Prijs, Kwaliteit","Fysieke winkel",3,"Ja","Ja","Nee",4,4,4,3,4,4,3,4,3,"Vespa"
"420","26/04/2018 09:16:00","Nee",NA,NA,NA,NA,NA,NA,NA,NA,NA,NA,NA,NA,NA,NA,NA,NA,NA,NA,NA,NA,NA,NA,"Vespa"
"421","26/04/2018 09:42:29","Ja",6281,"Neutraal","26 en ouder","Ja","Nooit","Nee","Nee","Prijs, Kwaliteit","Fysieke winkel",1,"Nee","Ja","Ja",1,1,1,1,1,1,2,1,4,"Vespa"
"422","26/04/2018 09:43:47","Ja",5443,"Vrouw","21","Ja","Nooit","Nee","Ja","Prijs, Kwaliteit","Fysieke winkel",3,"Nee","Nee","Ja",2,4,3,3,3,3,3,3,3,"Vespa"
"423","26/04/2018 09:43:51","Ja",5431,"Man","20","Ja","Nooit","Ja","Nee","Prijs, Plaats","Fysieke winkel",3,"Ja","Ja","Ja",2,1,3,3,3,3,3,3,3,"Vespa"
"424","26/04/2018 09:44:56","Ja",4531,"Man","22","Ja","Nooit","Ja","Nee","Prijs, Kwaliteit","Fysieke winkel",3,"Nee","Nee","Nee",3,3,3,3,3,3,3,3,3,"Vespa"
"425","26/04/2018 09:47:09","Nee",NA,NA,NA,NA,NA,NA,NA,NA,NA,NA,NA,NA,NA,NA,NA,NA,NA,NA,NA,NA,NA,NA,"Vespa"
"426","26/04/2018 09:48:33","Ja",5431,"Vrouw","22","Ja","Nooit","Nee","Ja","Prijs, Kwaliteit","Fysieke winkel",3,"Nee","Ja","Ja",4,4,3,4,4,3,2,3,3,"Vespa"
"427","26/04/2018 09:51:41","Ja",5371,"Vrouw","21","Ja","Nooit","Nee","Nee","Prijs","Fysieke winkel",4,"Nee","Nee","Nee",4,3,3,4,4,3,2,4,3,"Vespa"
"428","26/04/2018 09:54:51","Ja",5432,"Man","21","Ja","Nooit","Ja","Nee","Prijs, Kwaliteit","Fysieke winkel",2,"Ja","Ja","Nee",4,2,3,3,3,3,4,3,3,"Vespa"
"429","26/04/2018 09:56:55","Nee",NA,NA,NA,NA,NA,NA,NA,NA,NA,NA,NA,NA,NA,NA,NA,NA,NA,NA,NA,NA,NA,NA,"Vespa"
"430","26/04/2018 10:07:17","Nee",NA,NA,NA,NA,NA,NA,NA,NA,NA,NA,NA,NA,NA,NA,NA,NA,NA,NA,NA,NA,NA,NA,"Vespa"
"431","26/04/2018 10:09:25","Ja",6542,"Vrouw","19","Ja","Nooit","Nee","Nee","Prijs, Kwaliteit","Fysieke winkel",5,"Ja","Ja","Ja",4,4,4,4,3,5,4,4,4,"Vespa"
"432","26/04/2018 10:10:51","Ja",5431,"Man","18","Ja","Maandelijks","Ja","Nee","Prijs, Personeel, Kwaliteit","Online",4,"Ja","Ja","Ja",3,3,3,3,3,3,1,1,4,"Vespa"
"433","26/04/2018 10:11:44","Ja",5434,"Vrouw","20","Ja","Nooit","Nee","Ja","Prijs, Kwaliteit","Fysieke winkel",3,"Nee","Ja","Ja",3,3,3,3,3,2,1,1,2,"Vespa"
"434","26/04/2018 10:12:53","Nee",NA,NA,NA,NA,NA,NA,NA,NA,NA,NA,NA,NA,NA,NA,NA,NA,NA,NA,NA,NA,NA,NA,"Vespa"
"435","26/04/2018 10:18:22","Ja",5431,"Vrouw","18","Ja","Maandelijks","Ja","Nee","Prijs, Plaats, Kwaliteit","Fysieke winkel",4,"Nee","Ja","Ja",4,4,4,4,3,3,2,4,3,"Vespa"
"436","26/04/2018 10:26:05","Ja",6566,"Vrouw","19","Ja","Maandelijks","Ja","Nee","Prijs, Plaats, Personeel, Kwaliteit","Fysieke winkel",4,"Nee","Ja","Ja",3,3,3,3,4,3,4,3,4,"Vespa"
"437","26/04/2018 10:36:57","Ja",3904,"Vrouw","17 of jonger","Ja","Maandelijks","Nee","Ja","Kwaliteit","Fysieke winkel",3,"Ja","Ja","Ja",3,3,4,4,4,4,4,5,4,"Vespa"
"438","26/04/2018 10:37:57","Ja",5431,"Vrouw","19","Ja","Nooit","Ja","Ja","Prijs, Plaats, Kwaliteit","Fysieke winkel",3,"Ja","Ja","Ja",4,3,5,4,4,2,2,4,3,"Vespa"
"439","26/04/2018 10:45:50","Nee",NA,NA,NA,NA,NA,NA,NA,NA,NA,NA,NA,NA,NA,NA,NA,NA,NA,NA,NA,NA,NA,NA,"Vespa"
"440","26/04/2018 10:47:08","Nee",NA,NA,NA,NA,NA,NA,NA,NA,NA,NA,NA,NA,NA,NA,NA,NA,NA,NA,NA,NA,NA,NA,"Vespa"
"441","26/04/2018 10:47:35","Ja",6591,"Man","19","Ja","Nooit","Nee","Ja","Prijs, Kwaliteit","Fysieke winkel",4,"Nee","Nee","Ja",4,4,3,3,4,3,2,2,4,"Vespa"
"442","26/04/2018 10:49:50","Ja",5432,"Vrouw","20","Ja","Nooit","Nee","Nee","Prijs, Plaats, Kwaliteit","Fysieke winkel",3,"Ja","Ja","Ja",3,3,2,2,3,4,1,3,4,"Vespa"
"443","26/04/2018 10:51:26","Nee",NA,NA,NA,NA,NA,NA,NA,NA,NA,NA,NA,NA,NA,NA,NA,NA,NA,NA,NA,NA,NA,NA,"Vespa"
"444","26/04/2018 11:02:23","Ja",5431,"Man","19","Ja","Nooit","Nee","Ja","Prijs, Kwaliteit","Online",3,"Nee","Ja","Ja",4,4,4,4,4,3,3,4,4,"Vespa"
"445","26/04/2018 11:08:42","Ja",1111,"Vrouw","17 of jonger","Ja","Maandelijks","Ja","Ja","Prijs, Reclame, Kwaliteit","Fysieke winkel",5,"Nee","Ja","Ja",4,5,5,3,3,4,3,5,5,"Vespa"
"446","26/04/2018 11:20:46","Ja",5371,"Man","20","Ja","Nooit","Nee","Nee","Plaats","Fysieke winkel",4,"Ja","Ja","Ja",3,2,4,4,2,2,1,3,4,"Vespa"
"447","26/04/2018 11:21:24","Ja",5446,"Man","17 of jonger","Ja","Nooit","Nee","Nee","Prijs, Reclame, Kwaliteit","Fysieke winkel",4,"Ja","Ja","Ja",4,4,2,4,4,4,2,4,4,"Vespa"
"448","26/04/2018 11:33:31","Ja",5437,"Vrouw","19","Ja","Nooit","Nee","Ja","Prijs, Kwaliteit","Fysieke winkel",3,"Ja","Ja","Nee",3,3,3,3,3,3,3,3,3,"Vespa"
"449","26/04/2018 11:44:19","Ja",3905,"Vrouw","18","Ja","Nooit","Nee","Ja","Prijs, Personeel, Kwaliteit","Fysieke winkel",3,"Nee","Ja","Nee",3,3,3,3,3,2,2,3,4,"Vespa"
"450","26/04/2018 11:49:16","Ja",5443,"Vrouw","20","Ja","Nooit","Ja","Nee","Prijs, Reclame, Kwaliteit","Fysieke winkel",3,"Nee","Ja","Ja",3,3,3,3,3,3,3,3,3,"Vespa"
"451","26/04/2018 11:53:18","Nee",NA,NA,NA,NA,NA,NA,NA,NA,NA,NA,NA,NA,NA,NA,NA,NA,NA,NA,NA,NA,NA,NA,"Vespa"
"452","26/04/2018 11:59:49","Ja",5431,"Man","19","Ja","Maandelijks","Ja","Ja","Prijs","Fysieke winkel",3,"Ja","Ja","Ja",3,3,3,3,4,3,3,4,4,"Vespa"
"453","26/04/2018 12:00:58","Ja",6591,"Man","19","Ja","Nooit","Nee","Ja","Prijs, Kwaliteit","Fysieke winkel",4,"Nee","Nee","Ja",4,4,3,3,4,3,2,2,4,"Vespa"
"454","26/04/2018 12:22:07","Ja",5443,"Vrouw","18","Ja","Nooit","Nee","Nee","Kwaliteit","Fysieke winkel",3,"Nee","Nee","Nee",3,3,3,3,3,3,3,3,3,"Vespa"
"455","26/04/2018 12:28:00","Nee",NA,NA,NA,NA,NA,NA,NA,NA,NA,NA,NA,NA,NA,NA,NA,NA,NA,NA,NA,NA,NA,NA,"Vespa"
"456","26/04/2018 12:31:44","Ja",5431,"Man","20","Ja","Maandelijks","Nee","Nee","Prijs","Online",3,"Nee","Nee","Nee",1,1,1,1,3,1,1,1,1,"Vespa"
"457","26/04/2018 12:35:48","Ja",5611,"Neutraal","18","Ja","Maandelijks","Ja","Ja","Prijs, Kwaliteit","Fysieke winkel",4,"Ja","Ja","Ja",2,3,3,3,3,4,2,3,3,"Vespa"
"458","26/04/2018 12:48:02","Ja",5432,"Vrouw","18","Ja","Nooit","Nee","Nee","Prijs, Kwaliteit","Fysieke winkel",3,"Nee","Nee","Nee",3,3,3,3,3,3,1,2,3,"Vespa"
"459","26/04/2018 13:06:48","Nee",NA,NA,NA,NA,NA,NA,NA,NA,NA,NA,NA,NA,NA,NA,NA,NA,NA,NA,NA,NA,NA,NA,"Vespa"
"460","26/04/2018 13:24:00","Ja",6591,"Vrouw","18","Ja","Nooit","Nee","Nee","Prijs, Kwaliteit","Fysieke winkel",3,"Nee","Nee","Ja",3,3,3,3,3,3,3,3,3,"Vespa"
"461","26/04/2018 13:29:50","Nee",NA,NA,NA,NA,NA,NA,NA,NA,NA,NA,NA,NA,NA,NA,NA,NA,NA,NA,NA,NA,NA,NA,"Vespa"
"462","26/04/2018 13:42:04","Ja",5431,"Man","26 en ouder","Ja","Wekelijks","Nee","Nee","Prijs, Kwaliteit","Fysieke winkel",5,"Nee","Ja","Ja",4,4,5,3,3,1,1,1,2,"Vespa"
"463","26/04/2018 13:43:17","Ja",6605,"Man","25","Ja","Maandelijks","Ja","Ja","Prijs, Plaats, Kwaliteit","Fysieke winkel",4,"Ja","Ja","Ja",3,4,4,4,4,4,4,4,4,"Vespa"
"464","26/04/2018 13:45:31","Ja",5431,"Man","21","Ja","Nooit","Ja","Ja","Prijs","Fysieke winkel",2,"Nee","Nee","Nee",3,2,3,4,5,4,4,1,3,"Vespa"
"465","26/04/2018 13:55:40","Ja",5432,"Man","26 en ouder","Nee","Nooit","Nee","Ja","Prijs, Kwaliteit","Fysieke winkel",3,"Nee","Nee","Ja",3,3,3,3,3,3,3,3,3,"Vespa"
"466","26/04/2018 14:00:49","Ja",4003,"Vrouw","19","Ja","Nooit","Ja","Nee","Prijs, Kwaliteit","Online",4,"Ja","Ja","Ja",4,4,4,4,4,4,4,4,4,"Vespa"
"467","26/04/2018 14:04:27","Ja",3902,"Vrouw","18","Ja","Nooit","Nee","Ja","Prijs, Personeel, Kwaliteit","Fysieke winkel",4,"Ja","Ja","Ja",4,2,2,3,5,2,3,2,3,"Vespa"
"468","26/04/2018 14:04:50","Ja",5432,"Man","21","Ja","Nooit","Nee","Nee","Prijs, Kwaliteit","Fysieke winkel",3,"Nee","Nee","Ja",3,4,2,3,4,4,4,2,5,"Vespa"
"469","26/04/2018 14:05:31","Ja",6717,"Vrouw","18","Ja","Maandelijks","Ja","Nee","Prijs, Personeel, Kwaliteit","Online",4,"Ja","Ja","Ja",2,2,2,3,3,2,2,2,2,"Vespa"
"470","26/04/2018 14:06:23","Ja",5348,"Neutraal","26 en ouder","Ja","Nooit","Nee","Ja","Prijs, Plaats","Fysieke winkel",5,"Ja","Ja","Ja",3,1,3,2,4,2,2,5,5,"Vespa"
"471","26/04/2018 14:06:25","Ja",5431,"Man","22","Ja","Wekelijks","Nee","Nee","Prijs, Reclame, Kwaliteit","Fysieke winkel",3,"Nee","Nee","Ja",2,4,5,4,4,4,3,1,3,"Vespa"
"472","26/04/2018 14:06:51","Ja",7039,"Vrouw","19","Ja","Maandelijks","Nee","Ja","Prijs, Plaats, Kwaliteit","Fysieke winkel",3,"Ja","Ja","Ja",3,3,3,2,4,2,2,2,3,"Vespa"
"473","26/04/2018 14:07:08","Ja",1104,"Man","22","Ja","Nooit","Ja","Ja","Prijs, Reclame, Personeel","Fysieke winkel",4,"Ja","Ja","Ja",4,4,4,3,4,3,4,2,3,"Vespa"
"474","26/04/2018 14:07:45","Nee",NA,NA,NA,NA,NA,NA,NA,NA,NA,NA,NA,NA,NA,NA,NA,NA,NA,NA,NA,NA,NA,NA,"Vespa"
"475","26/04/2018 14:08:03","Ja",5431,"Vrouw","18","Ja","Maandelijks","Nee","Nee","Prijs, Kwaliteit","Fysieke winkel",2,"Nee","Ja","Ja",3,3,3,3,3,2,3,3,3,"Vespa"
"476","26/04/2018 14:08:47","Nee",NA,NA,NA,NA,NA,NA,NA,NA,NA,NA,NA,NA,NA,NA,NA,NA,NA,NA,NA,NA,NA,NA,"Vespa"
"477","26/04/2018 14:09:33","Ja",5431,"Man","25","Nee","Wekelijks","Nee","Nee","Reclame","Fysieke winkel",2,"Nee","Nee","Nee",5,3,3,2,1,2,1,2,4,"Vespa"
"478","26/04/2018 14:53:56","Ja",5435,"Vrouw","19","Ja","Nooit","Ja","Ja","Prijs, Reclame, Kwaliteit","Fysieke winkel",3,"Ja","Ja","Nee",4,4,4,4,4,3,3,3,5,"Vespa"
"479","26/04/2018 15:50:45","Ja",5431,"Man","18","Ja","Nooit","Ja","Nee","Prijs, Kwaliteit","Fysieke winkel",5,"Ja","Ja","Ja",4,3,3,3,3,3,4,4,4,"Vespa"
"480","26/04/2018 19:14:04","Nee",NA,NA,NA,NA,NA,NA,NA,NA,NA,NA,NA,NA,NA,NA,NA,NA,NA,NA,NA,NA,NA,NA,"Vespa"
"481","26/04/2018 19:27:09","Ja",5046,"Man","19","Ja","Nooit","Nee","Nee","Prijs, Kwaliteit","Fysieke winkel",3,"Nee","Nee","Ja",2,2,2,2,3,3,3,3,2,"Vespa"
"482","26/04/2018 21:27:49","Nee",NA,NA,NA,NA,NA,NA,NA,NA,NA,NA,NA,NA,NA,NA,NA,NA,NA,NA,NA,NA,NA,NA,"Vespa"
"483","26/04/2018 22:58:26","Ja",5437,"Man","18","Ja","Nooit","Nee","Ja","Prijs, Plaats, Kwaliteit","Fysieke winkel",4,"Nee","Nee","Nee",4,4,3,3,4,4,2,3,3,"Vespa"
"484","26/04/2018 23:46:17","Ja",5431,"Vrouw","19","Nee","Nooit","Nee","Nee","Prijs, Kwaliteit","Fysieke winkel",3,"Nee","Ja","Ja",3,3,3,3,3,3,4,3,3,"Vespa"
"485","27/04/2018 01:21:51","Nee",NA,NA,NA,NA,NA,NA,NA,NA,NA,NA,NA,NA,NA,NA,NA,NA,NA,NA,NA,NA,NA,NA,"Vespa"
"486","27/04/2018 05:56:39","Ja",5432,"Man","17 of jonger","Ja","Nooit","Nee","Nee","Prijs, Kwaliteit","Fysieke winkel",3,"Ja","Ja","Ja",3,3,3,3,3,3,3,3,3,"Vespa"
"487","27/04/2018 07:20:38","Ja",5431,"Vrouw","20","Ja","Maandelijks","Ja","Ja","Prijs, Kwaliteit","Fysieke winkel",4,"Ja","Ja","Ja",3,3,4,3,3,2,2,4,4,"Vespa"
"488","27/04/2018 12:33:46","Ja",5432,"Vrouw","18","Ja","Nooit","Ja","Ja","Prijs, Reclame, Kwaliteit","Fysieke winkel",4,"Nee","Ja","Ja",2,2,1,3,4,3,1,3,3,"Vespa"
"489","28/04/2018 13:48:44","Nee",NA,NA,NA,NA,NA,NA,NA,NA,NA,NA,NA,NA,NA,NA,NA,NA,NA,NA,NA,NA,NA,NA,NA
