"","Tijdstempel","Student","Geslacht","Leeftijd","Woonsituatie","Opleiding","Postcode","Waardering","Menselijk","Aangenaam","Persoonlijk","Non.Verbale.Comm","Betrokkenheid","Recensies","Populariteit","Bedrijf"
"1","30-4-2018 13:07:58","Ja","Vrouw","21","Thuiswonend","MBO",7306,8,8,7,7,8,9,1,7,"ZARA"
"2","30-4-2018 13:08:59","Ja","Ik zie mijzelf niet als man of vrouw","23+","Uitwonend","HBO",7201,10,7,9,6,10,10,4,9,"ZARA"
"3","30-4-2018 13:10:25","Ja","Man","18","Thuiswonend","HAVO",7002,7,7,8,7,7,7,7,7,"ZARA"
"4","30-4-2018 13:10:31","Ja","Man","18","Thuiswonend","HAVO",7334,7,6,6,6,8,7,6,8,"ZARA"
"5","30-4-2018 13:17:27","Nee",NA,NA,NA,NA,NA,NA,NA,NA,NA,NA,NA,NA,NA,"ZARA"
"6","30-4-2018 13:18:21","Ja","Ik zie mijzelf niet als man of vrouw","17 of jonger","Thuiswonend","VMBO",6882,4,5,7,5,9,3,7,8,"ZARA"
"7","30-4-2018 13:18:31","Ja","Vrouw","20","Thuiswonend","MBO",7002,7,7,8,7,8,6,6,7,"ZARA"
"8","30-4-2018 13:18:38","Ja","Man","18","Thuiswonend","HAVO",7333,8,6,7,7,7,7,7,7,"ZARA"
"9","30-4-2018 13:19:21","Ja","Vrouw","19","Thuiswonend","MBO",7041,7,7,7,6,9,6,5,8,"ZARA"
"10","30-4-2018 13:22:52","Ja","Vrouw","19","Thuiswonend","MBO",6951,8,6,7,6,8,7,8,8,"ZARA"
"11","30-4-2018 13:24:06","Ja","Man","19","Thuiswonend","MBO",7335,7,6,8,6,8,6,5,8,"ZARA"
"12","30-4-2018 13:29:36","Nee",NA,NA,NA,NA,NA,NA,NA,NA,NA,NA,NA,NA,NA,"ZARA"
"13","30-4-2018 13:35:56","Ja","Vrouw","18","Thuiswonend","HAVO",6333,7,7,7,7,7,6,6,8,"ZARA"
"14","30-4-2018 13:37:31","Ja","Vrouw","19","Thuiswonend","MBO",6882,6,7,8,7,8,7,6,7,"ZARA"
"15","30-4-2018 13:38:55","Ja","Vrouw","19","Thuiswonend","MBO",7306,7,6,6,6,8,8,6,8,"ZARA"
"16","30-4-2018 13:40:31","Ja","Ik zie mijzelf niet als man of vrouw","23+","Thuiswonend","HBO",1234,10,10,10,10,10,10,10,10,"ZARA"
"17","30-4-2018 13:40:52","Ja","Man","18","Thuiswonend","VMBO",7334,7,7,6,7,6,7,6,8,"ZARA"
"18","30-4-2018 13:48:04","Ja","Man","19","Thuiswonend","HAVO",7331,8,6,8,5,9,5,6,8,"ZARA"
"19","30-4-2018 13:48:26","Ja","Man","19","Thuiswonend","VMBO",7333,6,6,6,6,5,6,6,6,"ZARA"
"20","30-4-2018 13:49:19","Nee",NA,NA,NA,NA,NA,NA,NA,NA,NA,NA,NA,NA,NA,"ZARA"
"21","30-4-2018 13:50:00","Ja","Man","17 of jonger","Thuiswonend","VWO",1111,7,8,8,8,7,5,6,7,"ZARA"
"22","30-4-2018 13:50:51","Ja","Man","17 of jonger","Thuiswonend","VWO",7331,5,3,6,5,7,5,7,9,"ZARA"
"23","30-4-2018 13:52:10","Nee",NA,NA,NA,NA,NA,NA,NA,NA,NA,NA,NA,NA,NA,"ZARA"
"24","30-4-2018 13:52:50","Ja","Man","19","Thuiswonend","VMBO",7331,7,7,7,7,7,7,8,7,"ZARA"
"25","30-4-2018 14:14:10","Ja","Vrouw","20","Thuiswonend","MBO",6833,7,7,7,7,8,8,8,10,"ZARA"
"26","30-4-2018 14:27:09","Ja","Man","19","Thuiswonend","MBO",7333,6,3,3,2,5,1,2,4,"ZARA"
"27","30-4-2018 15:49:53","Ja","Man","18","Thuiswonend","VWO",7335,8,6,7,7,8,6,8,7,"ZARA"
"28","30-4-2018 15:59:50","Ja","Vrouw","22","Thuiswonend","VWO",6951,8,6,7,5,6,4,3,4,"ZARA"
"29","30-4-2018 16:12:47","Ja","Vrouw","20","Thuiswonend","HAVO",7301,7,6,7,7,8,6,7,8,"ZARA"
"30","30-4-2018 16:13:43","Ja","Man","18","Thuiswonend","HAVO",7332,9,8,8,7,9,6,7,7,"ZARA"
"31","30-4-2018 16:14:35","Ja","Man","18","Thuiswonend","VWO",7334,7,7,7,7,7,8,6,7,"ZARA"
"32","30-4-2018 16:15:19","Ja","Vrouw","21","Thuiswonend","HAVO",7336,8,7,8,7,8,6,6,6,"ZARA"
"33","30-4-2018 16:16:43","Ja","Vrouw","19","Thuiswonend","HAVO",7391,7,5,5,5,7,6,5,6,"ZARA"
"34","30-4-2018 16:18:12","Ja","Man","22","Thuiswonend","MBO",7424,6,4,6,4,8,4,6,5,"ZARA"
"35","30-4-2018 16:19:44","Ja","Man","18","Thuiswonend","HAVO",7428,8,4,7,4,5,5,4,5,"ZARA"
"36","30-4-2018 16:21:12","Ja","Man","21","Thuiswonend","HAVO",7321,8,6,8,4,9,5,7,5,"ZARA"
"37","30-4-2018 16:22:14","Ja","Vrouw","20","Thuiswonend","HAVO",7326,9,9,9,8,9,7,8,9,"ZARA"
"38","30-4-2018 16:23:19","Ja","Man","23+",NA,"MBO",7315,7,4,7,7,8,7,7,7,"ZARA"
"39","30-4-2018 16:24:50","Ja","Vrouw","18","Thuiswonend","HAVO",7320,7,6,7,6,8,5,6,7,"ZARA"
"40","30-4-2018 16:25:44","Ja","Vrouw","22","Uitwonend","MBO",7303,5,5,6,5,7,5,6,6,"ZARA"
"41","30-4-2018 16:26:35","Ja","Man","19","Thuiswonend","HAVO",7425,8,8,8,8,8,8,8,8,"ZARA"
"42","30-4-2018 16:27:27","Ja","Vrouw","20",NA,"HAVO",7418,9,6,9,7,9,8,8,8,"ZARA"
"43","30-4-2018 16:29:01","Ja","Man","23+","Uitwonend","MBO",6824,6,4,5,5,7,5,5,5,"ZARA"
"44","30-4-2018 16:30:05","Ja","Vrouw","19","Thuiswonend","VWO",6827,9,9,9,8,9,7,9,9,"ZARA"
"45","30-4-2018 16:31:27","Ja","Man","22","Thuiswonend","MBO",6841,7,4,6,4,5,4,6,6,"ZARA"
"46","30-4-2018 16:32:29","Ja","Man","18","Thuiswonend","HAVO",6833,7,7,8,6,9,5,8,6,"ZARA"
"47","30-4-2018 16:33:51","Ja","Vrouw","17 of jonger","Thuiswonend","HAVO",6845,8,4,8,7,7,5,6,7,"ZARA"
"48","30-4-2018 16:36:10","Ja","Man","19","Uitwonend","VWO",7317,7,6,7,7,6,4,5,5,"ZARA"
"49","30-4-2018 21:16:53","Ja","Man","18","Thuiswonend","HAVO",7334,7,6,6,6,8,7,6,8,"ZARA"
"50","1-5-2018 18:06:31","Ja","Vrouw","20","Thuiswonend","HBO",7322,6,4,4,4,6,6,6,4,"ZARA"
"51","2-5-2018 20:22:34","Nee",NA,NA,NA,NA,NA,NA,NA,NA,NA,NA,NA,NA,NA,"ZARA"
"52","2-5-2018 20:23:01","Ja","Man","23+","Uitwonend","MBO",NA,7,8,7,9,8,6,8,8,"ZARA"
"53","2-5-2018 20:23:15","Ja","Man","20","Thuiswonend","VWO",6843,8,7,7,7,9,6,9,9,"ZARA"
"54","8-5-2018 22:33:10","Ja","Man","18","Thuiswonend","HAVO",7334,8,6,7,7,7,8,6,9,"ZARA"
"55","8-5-2018 22:33:51","Ja","Man","18","Thuiswonend","HAVO",7334,6,6,7,7,7,7,6,8,"ZARA"
"56","8-5-2018 22:34:20","Ja","Man","18","Thuiswonend","HAVO",7334,7,7,8,7,7,8,6,7,"ZARA"
"57","8-5-2018 22:34:52","Ja","Man","18","Thuiswonend","HAVO",7334,7,7,7,7,6,7,6,7,"ZARA"
"58","8-5-2018 22:35:20","Ja","Man","18","Thuiswonend","HAVO",7334,7,7,8,8,7,7,6,8,"ZARA"
"59","8-5-2018 22:35:46","Ja","Man","18","Thuiswonend","HAVO",7334,7,8,8,8,7,6,6,7,"ZARA"
"60","8-5-2018 22:53:41","Ja","Man","19","Thuiswonend","HAVO",7334,8,8,8,8,8,8,8,8,"ZARA"
"61","8-5-2018 22:53:48","Nee",NA,NA,NA,NA,NA,NA,NA,NA,NA,NA,NA,NA,NA,"ZARA"
"62","8-5-2018 22:53:57","Nee",NA,NA,NA,NA,NA,NA,NA,NA,NA,NA,NA,NA,NA,"ZARA"
"63","8-5-2018 22:54:48","Ja","Vrouw","18","Thuiswonend","MBO",5155,9,7,10,8,10,7,7,8,"ZARA"
"64","8-5-2018 22:55:25","Ja","Man","18","Thuiswonend","HAVO",7331,8,7,8,7,9,6,6,7,"ZARA"
"65","8-5-2018 22:56:18","Ja","Man","19","Thuiswonend","MBO",7901,7,5,6,5,8,7,6,6,"ZARA"
"66","9-5-2018 10:05:40","Ja","Vrouw","19","Thuiswonend","VWO",7002,7,6,7,7,7,5,6,9,"ZARA"
"67","9-5-2018 10:06:15","Ja","Man","20","Thuiswonend","HAVO",7306,8,7,7,7,7,8,7,6,"ZARA"
"68","9-5-2018 10:06:44","Ja","Vrouw","20","Thuiswonend","MBO",7002,7,7,8,6,5,7,7,8,"ZARA"
"69","9-5-2018 10:07:23","Ja","Vrouw","18","Thuiswonend","HAVO",7331,8,8,8,8,8,8,8,8,"ZARA"
"70","9-5-2018 10:08:44","Ja","Man","18","Thuiswonend","HAVO",6882,6,6,6,6,6,6,6,6,"ZARA"
"71","9-5-2018 10:09:35","Ja","Vrouw","20","Thuiswonend","VWO",6951,7,6,6,7,8,6,5,8,"ZARA"
"72","9-5-2018 10:10:19","Ja","Vrouw","19","Thuiswonend","HAVO",7002,7,7,7,6,8,6,8,8,"ZARA"
"73","9-5-2018 10:10:29","Nee",NA,NA,NA,NA,NA,NA,NA,NA,NA,NA,NA,NA,NA,"ZARA"
"74","9-5-2018 10:11:28","Ja","Man","18","Thuiswonend","HAVO",7306,7,7,7,6,8,6,5,6,"ZARA"
"75","9-5-2018 10:11:53","Ja","Vrouw","20","Thuiswonend","MBO",7002,8,8,8,8,8,8,8,8,"ZARA"
"76","9-5-2018 10:12:27","Ja","Man","20","Thuiswonend","MBO",6951,7,7,6,6,7,5,6,7,"ZARA"
"77","9-5-2018 10:13:44","Ja","Vrouw","19","Thuiswonend","MBO",6813,6,7,7,6,9,7,6,7,"ZARA"
"78","9-5-2018 10:14:12","Ja","Vrouw","18","Thuiswonend","HAVO",6813,7,6,6,7,7,8,5,8,"ZARA"
"79","9-5-2018 10:14:43","Ja","Vrouw","19","Thuiswonend","VWO",6813,7,6,7,6,8,6,6,8,"ZARA"
"80","9-5-2018 10:15:27","Ja","Man","18","Thuiswonend","HAVO",6813,6,6,5,6,7,5,5,6,"ZARA"
"81","9-5-2018 10:16:09","Nee",NA,NA,NA,NA,NA,NA,NA,NA,NA,NA,NA,NA,NA,"ZARA"
"82","9-5-2018 10:16:58","Ja","Vrouw","21","Uitwonend","VWO",7306,6,7,7,7,6,6,6,7,"ZARA"
"83","9-5-2018 10:17:10","Nee",NA,NA,NA,NA,NA,NA,NA,NA,NA,NA,NA,NA,NA,"ZARA"
"84","9-5-2018 10:17:33","Ja","Vrouw","19","Thuiswonend","HAVO",7306,7,7,7,7,7,7,7,7,"ZARA"
"85","9-5-2018 10:18:51","Ja","Man","18","Thuiswonend","HAVO",6846,7,7,7,6,8,6,8,7,"ZARA"
"86","9-5-2018 10:19:14","Ja","Vrouw","20","Thuiswonend","MBO",6846,7,5,5,5,8,6,6,6,"ZARA"
"87","9-5-2018 10:19:40","Ja","Vrouw","19","Thuiswonend","VWO",6846,6,7,7,6,7,7,7,8,"ZARA"
"88","9-5-2018 10:20:09","Ja","Man","18","Thuiswonend","HAVO",6846,6,6,6,5,7,6,6,7,"ZARA"
"89","9-5-2018 10:21:05","Ja","Vrouw","20","Thuiswonend","MBO",6846,7,6,6,6,8,7,8,7,"ZARA"
"90","9-5-2018 10:21:43","Ja","Man","18","Thuiswonend","MBO",6846,6,6,6,6,8,6,7,8,"ZARA"
"91","9-5-2018 10:22:11","Ja","Vrouw","23+","Uitwonend","HBO",6846,7,7,6,9,8,8,8,9,"ZARA"
"92","9-5-2018 10:22:17","Nee",NA,NA,NA,NA,NA,NA,NA,NA,NA,NA,NA,NA,NA,"ZARA"
"93","9-5-2018 10:22:21","Nee",NA,NA,NA,NA,NA,NA,NA,NA,NA,NA,NA,NA,NA,"ZARA"
"94","9-5-2018 10:22:50","Ja","Man","22","Uitwonend","HBO",6846,6,7,7,6,7,7,6,8,"ZARA"
"95","9-5-2018 10:24:02","Ja","Vrouw","18","Thuiswonend","VWO",7334,6,6,6,6,8,5,5,7,"ZARA"
"96","9-5-2018 10:24:23","Ja","Vrouw","19","Thuiswonend","VWO",7334,6,6,8,8,8,6,6,7,"ZARA"
"97","9-5-2018 10:24:58","Ja","Man","20","Thuiswonend","MBO",7334,7,7,7,7,8,7,7,7,"ZARA"
"98","9-5-2018 10:25:37","Ja","Vrouw","22","Thuiswonend","HBO",7002,7,6,7,7,6,5,6,8,"ZARA"
"99","9-5-2018 10:26:26","Ja","Vrouw","20","Thuiswonend","MBO",7306,6,7,7,5,7,5,6,7,"ZARA"
"100","9-5-2018 10:27:13","Ja","Man","19","Thuiswonend","HAVO",7334,7,6,6,7,7,7,6,8,"ZARA"
"101","2-5-2018 19:44:49","Ja","Man","20","Thuiswonend","VWO",6843,5,5,5,6,7,5,7,8,"Rituals"
"102","2-5-2018 19:45:44","Ja","Vrouw","17 of jonger","Thuiswonend","HAVO",7327,7,8,6,6,6,8,4,7,"Rituals"
"103","2-5-2018 19:48:22","Ja","Man","18","Thuiswonend","HAVO",7331,10,8,9,10,9,9,9,9,"Rituals"
"104","2-5-2018 19:48:50","Ja","Vrouw","19","Thuiswonend","MBO",7041,8,6,6,7,8,6,5,7,"Rituals"
"105","2-5-2018 19:53:14","Ja","Vrouw","18","Thuiswonend","HAVO",7327,8,8,8,9,8,6,6,7,"Rituals"
"106","2-5-2018 20:22:25","Ja","Man","23+","Uitwonend","MBO",7101,8,6,9,8,7,8,8,7,"Rituals"
"107","2-5-2018 20:50:43","Ja","Vrouw","19","Thuiswonend","VWO",6971,8,6,8,6,10,5,6,8,"Rituals"
"108","2-5-2018 21:06:00","Ja","Vrouw","19","Thuiswonend","MBO",7323,8,8,8,9,9,9,9,8,"Rituals"
"109","2-5-2018 21:42:19","Ja","Vrouw","17 of jonger","Thuiswonend","MBO",6961,8,1,7,5,6,6,6,5,"Rituals"
"110","2-5-2018 22:42:38","Ja","Vrouw","17 of jonger","Thuiswonend","HAVO",6961,8,7,8,7,8,6,6,6,"Rituals"
"111","9-5-2018 13:41:12","Ja","Vrouw","20","Thuiswonend","MBO",7031,7,7,7,7,7,7,7,7,"Rituals"
"112","9-5-2018 13:43:36","Ja","Man","18",NA,"HAVO",3911,10,10,10,10,10,10,6,7,"Rituals"
"113","9-5-2018 13:44:11","Ja","Vrouw","20","Uitwonend","MBO",10,6,3,10,6,7,6,4,8,"Rituals"
"114","9-5-2018 13:44:18","Ja","Man","22","Uitwonend","HAVO",9726,5,5,5,5,5,5,5,5,"Rituals"
"115","9-5-2018 13:44:30","Ja","Man","23+","Uitwonend","VWO",6543,7,7,7,6,7,7,7,5,"Rituals"
"116","9-5-2018 13:45:05","Ja","Man","21","Thuiswonend","HAVO",7104,7,7,7,7,7,7,6,7,"Rituals"
"117","9-5-2018 13:45:06","Ja","Vrouw","20","Thuiswonend","HAVO",7102,7,7,8,7,8,6,5,7,"Rituals"
"118","9-5-2018 13:46:31","Ja","Man","20","Thuiswonend","VWO",6843,8,7,8,6,8,7,9,8,"Rituals"
"119","9-5-2018 13:47:07","Ja","Man","20","Thuiswonend","HAVO",7101,10,9,9,8,8,8,10,8,"Rituals"
"120","9-5-2018 13:47:23","Ja","Man","20","Thuiswonend","HAVO",6852,7,8,6,6,8,7,8,7,"Rituals"
"121","9-5-2018 13:48:06","Nee",NA,NA,NA,NA,NA,NA,NA,NA,NA,NA,NA,NA,NA,"Rituals"
"122","9-5-2018 13:48:29","Ja","Man","20","Uitwonend","MBO",6543,8,6,7,6,7,6,6,7,"Rituals"
"123","9-5-2018 13:50:27","Ja","Man","23+","Uitwonend","VMBO",6814,7,6,7,9,8,7,7,9,"Rituals"
"124","9-5-2018 13:50:27","Ja","Man","21","Uitwonend","HAVO",7102,8,6,6,5,7,5,5,5,"Rituals"
"125","9-5-2018 13:50:44","Ja","Vrouw","18","Thuiswonend","VMBO",7329,10,8,9,9,9,8,8,8,"Rituals"
"126","9-5-2018 13:52:18","Ja","Man","23+","Thuiswonend","MBO",3904,7,7,7,7,7,7,7,7,"Rituals"
"127","9-5-2018 13:52:45","Ja","Man","17 of jonger","Thuiswonend","VMBO",3911,8,8,9,7,8,8,7,9,"Rituals"
"128","9-5-2018 13:54:46","Ja","Man","18","Thuiswonend","HAVO",318,5,5,5,5,5,5,5,5,"Rituals"
"129","9-5-2018 13:55:23","Ja","Man","19","Thuiswonend","HAVO",7103,7,7,7,7,7,7,7,7,"Rituals"
"130","9-5-2018 13:56:05","Ja","Man","19","Thuiswonend","VMBO",7102,7,7,7,7,7,7,7,8,"Rituals"
"131","9-5-2018 13:58:02","Nee",NA,NA,NA,NA,NA,NA,NA,NA,NA,NA,NA,NA,NA,"Rituals"
"132","9-5-2018 13:58:04","Ja","Vrouw","20","Uitwonend","HAVO",7322,8,7,7,6,7,7,8,9,"Rituals"
"133","9-5-2018 13:58:41","Nee",NA,NA,NA,NA,NA,NA,NA,NA,NA,NA,NA,NA,NA,"Rituals"
"134","9-5-2018 13:59:24","Nee",NA,NA,NA,NA,NA,NA,NA,NA,NA,NA,NA,NA,NA,"Rituals"
"135","9-5-2018 14:01:14","Nee",NA,NA,NA,NA,NA,NA,NA,NA,NA,NA,NA,NA,NA,"Rituals"
"136","9-5-2018 14:09:09","Ja","Vrouw","17 of jonger","Thuiswonend","HAVO",NA,7,7,7,7,8,7,6,8,"Rituals"
"137","9-5-2018 14:12:40","Ja","Vrouw","19","Uitwonend","HBO",6511,6,7,9,4,7,6,6,6,"Rituals"
"138","9-5-2018 14:15:18","Ja","Vrouw","19","Thuiswonend","HAVO",3707,7,7,8,7,7,7,2,5,"Rituals"
"139","9-5-2018 14:20:21","Ja","Man","18","Thuiswonend","HAVO",3911,7,8,7,8,7,6,5,6,"Rituals"
"140","9-5-2018 14:26:48","Nee",NA,NA,NA,NA,NA,NA,NA,NA,NA,NA,NA,NA,NA,"Rituals"
"141","9-5-2018 14:31:50","Ja","Man","20","Thuiswonend","HAVO",7107,5,5,5,5,5,5,5,5,"Rituals"
"142","9-5-2018 14:35:41","Ja","Man","21","Uitwonend","HAVO",6541,6,6,6,7,6,5,7,8,"Rituals"
"143","9-5-2018 14:50:25","Ja","Vrouw","19","Uitwonend","HAVO",6524,7,7,7,6,7,7,6,6,"Rituals"
"144","9-5-2018 15:10:14","Ja","Man","23+","Uitwonend","HAVO",6543,6,6,7,8,6,5,6,6,"Rituals"
"145","9-5-2018 15:13:48","Nee",NA,NA,NA,NA,NA,NA,NA,NA,NA,NA,NA,NA,NA,"Rituals"
"146","9-5-2018 17:38:06","Nee",NA,NA,NA,NA,NA,NA,NA,NA,NA,NA,NA,NA,NA,"Rituals"
"147","9-5-2018 18:00:35","Ja","Man","18","Thuiswonend","HAVO",3911,7,7,7,7,8,5,7,6,"Rituals"
"148","9-5-2018 18:14:50","Nee",NA,NA,NA,NA,NA,NA,NA,NA,NA,NA,NA,NA,NA,"Rituals"
"149","9-5-2018 18:35:14","Ja","Man","23+","Uitwonend","VWO",6543,6,5,6,5,5,5,5,5,"Rituals"
"150","9-5-2018 19:26:13","Ja","Man","21","Thuiswonend","VMBO",NA,7,8,8,8,8,8,7,9,"Rituals"
"151","9-5-2018 22:32:15","Ja","Man","18","Thuiswonend","VMBO",3526,8,8,9,10,10,10,10,10,"Rituals"
"152","9-5-2018 22:35:12","Nee",NA,NA,NA,NA,NA,NA,NA,NA,NA,NA,NA,NA,NA,"Rituals"
"153","9-5-2018 22:35:57","Ja","Vrouw","17 of jonger","Thuiswonend","HBO",3402,10,10,10,10,10,9,10,10,"Rituals"
"154","9-5-2018 23:07:35","Nee",NA,NA,NA,NA,NA,NA,NA,NA,NA,NA,NA,NA,NA,"Rituals"
"155","9-5-2018 23:08:22","Ja","Man","17 of jonger","Thuiswonend","HAVO",3911,1,9,10,9,9,10,9,9,"Rituals"
"156","9-5-2018 23:09:24","Ja","Man","19","Uitwonend","VMBO",3564,7,4,6,6,7,7,5,6,"Rituals"
"157","10-5-2018 0:36:51","Ja","Man","23+","Uitwonend","MBO",2541,7,6,7,7,7,8,8,8,"Rituals"
"158","10-5-2018 0:56:45","Nee",NA,NA,NA,NA,NA,NA,NA,NA,NA,NA,NA,NA,NA,"Rituals"
"159","10-5-2018 0:57:29","Ja","Man","18","Thuiswonend","MBO",6756,10,10,10,10,10,10,10,10,"Rituals"
"160","10-5-2018 8:34:41","Ja","Vrouw","23+","Uitwonend","MBO",3081,7,8,8,6,7,8,6,7,"Rituals"
"161","11-5-2018 13:28:12","Ja","Vrouw","23+","Thuiswonend","HAVO",3911,7,5,6,6,6,5,7,8,"Rituals"
"162","12-5-2018 16:36:02","Nee",NA,NA,NA,NA,NA,NA,NA,NA,NA,NA,NA,NA,NA,"Rituals"
"163","13-5-2018 17:57:05","Ja","Man","23+","Uitwonend","HBO",3921,10,10,10,9,10,10,10,10,"Rituals"
"164","13-5-2018 17:57:20","Nee",NA,NA,NA,NA,NA,NA,NA,NA,NA,NA,NA,NA,NA,"Rituals"
"165","16-5-2018 19:35:22","Ja","Man","19","Thuiswonend","VMBO",7324,4,4,7,2,4,6,3,8,"Rituals"
"166","16-5-2018 19:35:38","Nee",NA,NA,NA,NA,NA,NA,NA,NA,NA,NA,NA,NA,NA,"Rituals"
"167","16-5-2018 19:36:56","Ja","Man","18","Thuiswonend","HAVO",7317,5,5,9,6,6,4,6,4,"Rituals"
"168","16-5-2018 19:38:00","Ja","Vrouw","18","Thuiswonend","VWO",7333,3,6,3,8,4,8,6,6,"Rituals"
"169","16-5-2018 19:50:22","Ja","Man","20","Thuiswonend","HAVO",7326,8,9,6,8,7,7,7,8,"Rituals"
"170","16-5-2018 19:50:45","Nee",NA,NA,NA,NA,NA,NA,NA,NA,NA,NA,NA,NA,NA,"Rituals"
"171","22-5-2018 21:41:04","Nee",NA,NA,NA,NA,NA,NA,NA,NA,NA,NA,NA,NA,NA,"Rituals"
"172","23-5-2018 15:32:31","Ja","Man","20","Uitwonend","MBO",NA,6,7,6,7,6,7,8,4,"Rituals"
"173","23-5-2018 15:32:59","Ja","Vrouw","21","Thuiswonend","HAVO",2191,6,9,7,8,6,8,7,6,"Rituals"
"174","23-5-2018 15:33:23","Ja","Man","19","Uitwonend","HBO",3244,5,6,6,8,7,7,6,7,"Rituals"
"175","23-5-2018 15:33:48","Ja","Man","22","Uitwonend","HAVO",6436,9,7,9,10,8,7,8,7,"Rituals"
"176","23-5-2018 15:33:56","Ja","Vrouw","19","Thuiswonend","HAVO",6811,6,4,7,4,8,6,7,9,"Rituals"
"177","23-5-2018 15:34:44","Ja","Vrouw","21","Thuiswonend","HBO",3555,8,7,7,6,8,8,9,9,"Rituals"
"178","23-5-2018 15:35:06","Ja","Vrouw","22","Uitwonend","HAVO",24844,8,7,8,9,7,7,7,7,"Rituals"
"179","23-5-2018 15:35:33","Ja","Vrouw","19","Uitwonend","MBO",2344,9,7,8,7,8,7,7,6,"Rituals"
"180","23-5-2018 15:36:09","Ja","Vrouw","21","Uitwonend","MBO",6554,5,8,7,6,8,9,6,8,"Rituals"
"181","23-5-2018 15:36:30","Ja","Man","20","Uitwonend","HBO",7654,6,6,7,8,7,8,7,8,"Rituals"
"182","23-5-2018 15:36:51","Ja","Vrouw","23+","Thuiswonend","VWO",8765,6,7,9,7,8,5,3,7,"Rituals"
"183","23-5-2018 15:37:10","Ja","Man","19","Uitwonend","MBO",7654,7,5,3,1,8,7,6,4,"Rituals"
"184","23-5-2018 15:37:31","Ja","Man","19","Thuiswonend","VWO",7655,7,6,7,6,7,6,8,6,"Rituals"
"185","30-4-2018 17:11:43","Ja","Vrouw","19","Thuiswonend","MBO",7041,7,6,7,6,9,5,9,8,"IKEA"
"186","30-4-2018 17:18:20","Ja","Vrouw","20","Thuiswonend","MBO",7002,8,7,8,8,7,7,6,5,"IKEA"
"187","30-4-2018 17:18:26","Ja","Vrouw","20","Thuiswonend","MBO",7002,8,7,8,8,7,7,6,5,"IKEA"
"188","1-5-2018 20:25:52","Ja","Man","23+","Thuiswonend","MBO",6942,7,7,7,6,7,6,5,7,"IKEA"
"189","1-5-2018 20:28:54","Ja","Vrouw","22","Thuiswonend","MBO",7001,8,5,6,7,9,7,8,8,"IKEA"
"190","1-5-2018 20:30:39","Ja","Man","21","Uitwonend","HAVO",6826,6,7,6,5,7,6,7,9,"IKEA"
"191","1-5-2018 20:33:05","Ja","Man","19","Thuiswonend","VWO",6901,6,6,6,6,7,6,7,7,"IKEA"
"192","2-5-2018 13:24:21","Ja","Vrouw","20","Thuiswonend","MBO",6942,6,6,7,6,8,6,8,8,"IKEA"
"193","2-5-2018 13:46:52","Ja","Man","18","Thuiswonend","HAVO",7001,7,7,7,6,8,6,7,7,"IKEA"
"194","2-5-2018 19:31:31","Ja","Vrouw","17 of jonger","Thuiswonend","HAVO",7327,8,5,7,5,8,6,7,7,"IKEA"
"195","2-5-2018 20:22:00","Ja","Man","23+","Uitwonend","MBO",7101,8,9,7,9,8,7,8,7,"IKEA"
"196","3-5-2018 10:31:22","Ja","Vrouw","17 of jonger","Thuiswonend","VMBO",6942,7,6,6,6,8,6,8,8,"IKEA"
"197","6-5-2018 16:01:27","Ja","Man","21","Thuiswonend","HAVO",6869,7,7,8,6,9,8,7,8,"IKEA"
"198","6-5-2018 16:01:59","Ja","Man","22","Uitwonend","MBO",6865,7,8,7,9,9,8,7,7,"IKEA"
"199","6-5-2018 16:03:15","Ja","Ik zie mijzelf niet als man of vrouw","17 of jonger","Uitwonend","VMBO",7004,5,5,6,5,7,6,7,6,"IKEA"
"200","6-5-2018 16:11:36","Ja","Man","23+","Uitwonend","HBO",7002,7,6,8,5,8,7,8,6,"IKEA"
"201","6-5-2018 16:12:53","Ja","Man","19","Thuiswonend","VWO",6867,6,5,6,8,6,6,7,6,"IKEA"
"202","6-5-2018 16:53:12","Ja","Vrouw","21","Thuiswonend","MBO",7001,7,6,7,7,8,6,8,8,"IKEA"
"203","6-5-2018 16:56:07","Ja","Vrouw","19","Thuiswonend","VWO",7021,8,8,8,8,8,8,8,8,"IKEA"
"204","6-5-2018 17:00:49","Ja","Man","20","Thuiswonend","HAVO",7007,6,7,6,7,7,7,7,7,"IKEA"
"205","6-5-2018 17:12:12","Ja","Vrouw","21","Thuiswonend","MBO",7044,7,6,8,7,8,6,8,7,"IKEA"
"206","6-5-2018 17:14:15","Ja","Vrouw","22","Thuiswonend","MBO",7071,7,6,6,7,7,6,6,6,"IKEA"
"207","6-5-2018 17:18:48","Ja","Vrouw","23+","Uitwonend","MBO",7009,8,6,8,6,6,6,6,6,"IKEA"
"208","6-5-2018 17:23:54","Ja","Man","17 of jonger","Thuiswonend","VMBO",7021,7,7,7,7,7,7,NA,7,"IKEA"
"209","6-5-2018 17:27:24","Ja","Vrouw","20","Thuiswonend","MBO",6986,6,7,6,7,7,7,7,8,"IKEA"
"210","6-5-2018 17:30:05","Ja","Man","21","Thuiswonend","HAVO",6941,7,6,7,7,8,6,7,8,"IKEA"
"211","6-5-2018 17:31:54","Ja","Man","19","Thuiswonend","HAVO",6983,8,7,7,6,8,5,7,6,"IKEA"
"212","6-5-2018 17:39:28","Ja","Vrouw","18","Thuiswonend","HAVO",7041,6,6,6,6,7,5,6,7,"IKEA"
"213","6-5-2018 17:40:36","Ja","Vrouw","20","Thuiswonend","MBO",7041,6,5,6,7,8,7,7,8,"IKEA"
"214","6-5-2018 23:13:42","Ja","Man","18","Uitwonend","VWO",6849,5,6,6,4,8,6,6,7,"IKEA"
"215","6-5-2018 23:14:10","Ja","Man","18","Uitwonend","HAVO",6869,6,6,6,7,9,6,8,7,"IKEA"
"216","6-5-2018 23:14:36","Ja","Vrouw","22","Uitwonend","MBO",6786,7,7,7,6,8,8,8,7,"IKEA"
"217","6-5-2018 23:14:59","Ja","Man","18","Uitwonend","HAVO",7000,4,5,7,7,7,6,4,8,"IKEA"
"218","6-5-2018 23:15:22","Ja","Man","22","Uitwonend","VWO",6864,6,8,7,9,6,8,6,7,"IKEA"
"219","6-5-2018 23:15:44","Ja","Vrouw","22","Uitwonend","MBO",5676,3,5,5,5,8,4,4,6,"IKEA"
"220","6-5-2018 23:16:04","Nee",NA,NA,NA,NA,NA,NA,NA,NA,NA,NA,NA,NA,NA,"IKEA"
"221","6-5-2018 23:16:08","Nee",NA,NA,NA,NA,NA,NA,NA,NA,NA,NA,NA,NA,NA,"IKEA"
"222","7-5-2018 11:15:15","Ja","Vrouw","20","Thuiswonend","VWO",7009,7,6,7,6,7,7,7,8,"IKEA"
"223","7-5-2018 11:16:15","Ja","Vrouw","18","Thuiswonend","HAVO",7051,7,7,7,7,7,7,7,7,"IKEA"
"224","7-5-2018 11:17:14","Ja","Vrouw","21","Thuiswonend","MBO",7077,8,8,8,8,8,5,8,8,"IKEA"
"225","7-5-2018 11:18:41","Ja","Vrouw","20","Thuiswonend","MBO",7047,7,7,7,8,8,6,8,7,"IKEA"
"226","7-5-2018 12:20:32","Ja","Vrouw","18","Thuiswonend","HAVO",7101,8,6,7,6,8,6,7,8,"IKEA"
"227","7-5-2018 16:26:07","Ja","Man","20","Thuiswonend","MBO",6901,7,6,7,6,8,7,7,8,"IKEA"
"228","7-5-2018 16:27:07","Ja","Man","21","Thuiswonend","MBO",7046,6,6,6,7,7,7,7,6,"IKEA"
"229","7-5-2018 16:29:51","Ja","Vrouw","22","Thuiswonend","MBO",7039,7,6,6,6,8,6,8,8,"IKEA"
"230","7-5-2018 16:32:20","Ja","Man","20","Thuiswonend","HAVO",7035,6,7,7,6,8,6,8,7,"IKEA"
"231","7-5-2018 16:33:15","Ja","Vrouw","22","Thuiswonend","MBO",7035,7,7,7,6,7,7,9,9,"IKEA"
"232","7-5-2018 16:40:42","Nee",NA,NA,NA,NA,NA,NA,NA,NA,NA,NA,NA,NA,NA,"IKEA"
"233","7-5-2018 16:40:50","Nee",NA,NA,NA,NA,NA,NA,NA,NA,NA,NA,NA,NA,NA,"IKEA"
"234","7-5-2018 16:42:10","Ja","Man","21","Thuiswonend","HAVO",6932,6,6,6,5,8,7,3,6,"IKEA"
"235","7-5-2018 16:42:27","Nee",NA,NA,NA,NA,NA,NA,NA,NA,NA,NA,NA,NA,NA,"IKEA"
"236","7-5-2018 16:43:56","Ja","Man","19","Thuiswonend","HAVO",6932,7,6,6,5,8,6,3,8,"IKEA"
"237","7-5-2018 16:45:21","Ja","Man","17 of jonger","Thuiswonend","HAVO",6823,7,7,7,6,9,7,1,7,"IKEA"
"238","8-5-2018 16:55:02","Ja","Vrouw","17 of jonger","Thuiswonend","HAVO",6932,6,5,6,5,8,6,3,5,"IKEA"
"239","8-5-2018 16:55:41","Ja","Vrouw","17 of jonger","Thuiswonend","HAVO",NA,6,6,6,7,8,6,3,6,"IKEA"
"240","8-5-2018 16:56:38","Ja","Vrouw","17 of jonger","Thuiswonend","HAVO",NA,6,5,7,6,6,6,5,6,"IKEA"
"241","8-5-2018 16:57:48","Ja","Vrouw","17 of jonger","Thuiswonend","HAVO",NA,6,7,6,6,7,6,5,6,"IKEA"
"242","8-5-2018 16:58:56","Ja","Vrouw","17 of jonger","Thuiswonend","HAVO",NA,7,6,6,5,7,6,5,6,"IKEA"
"243","8-5-2018 17:08:12","Ja","Vrouw","17 of jonger","Thuiswonend","HAVO",NA,6,6,6,6,7,5,5,6,"IKEA"
"244","8-5-2018 17:56:39","Ja","Vrouw","23+","Thuiswonend","HBO",7037,6,8,6,8,7,6,7,6,"IKEA"
"245","8-5-2018 17:57:28","Ja","Vrouw","18","Thuiswonend","HAVO",7037,7,8,5,7,8,7,6,7,"IKEA"
"246","8-5-2018 17:59:18","Ja","Man","18","Thuiswonend","VMBO",7037,6,8,4,7,10,6,10,8,"IKEA"
"247","8-5-2018 18:01:06","Ja","Vrouw","22","Uitwonend","VWO",7038,5,8,6,9,10,5,5,9,"IKEA"
"248","8-5-2018 18:02:23","Ja","Man","21","Uitwonend","VWO",7038,7,7,7,7,7,5,7,8,"IKEA"
"249","8-5-2018 18:03:40","Ja","Vrouw","18","Thuiswonend","HAVO",7036,7,7,7,6,8,4,7,7,"IKEA"
"250","8-5-2018 20:18:11","Ja","Man","20","Thuiswonend","HAVO",6951,8,6,7,7,7,7,7,7,"IKEA"
"251","8-5-2018 20:19:25","Ja","Man","17 of jonger","Thuiswonend","VMBO",6951,6,7,6,6,7,6,6,7,"IKEA"
"252","8-5-2018 20:20:53","Ja","Man","19","Thuiswonend","HAVO",6716,7,6,7,7,7,6,7,7,"IKEA"
"253","8-5-2018 20:22:16","Ja","Vrouw","22","Thuiswonend","MBO",6971,8,7,8,8,8,5,8,8,"IKEA"
"254","8-5-2018 20:23:29","Ja","Vrouw","22","Thuiswonend","MBO",6971,7,6,6,6,7,6,7,8,"IKEA"
"255","8-5-2018 20:24:41","Ja","Man","19","Thuiswonend","MBO",6716,8,5,6,8,6,6,8,7,"IKEA"
"256","8-5-2018 20:27:46","Ja","Man","22","Thuiswonend","VWO",6813,7,6,7,7,7,7,7,7,"IKEA"
"257","9-5-2018 9:24:41","Ja","Man","21","Thuiswonend","HAVO",6932,6,5,6,5,7,5,4,6,"IKEA"
"258","9-5-2018 9:26:17","Ja","Man","20","Thuiswonend","HAVO",6923,6,6,7,6,7,6,4,6,"IKEA"
"259","9-5-2018 9:27:04","Ja","Man","18","Thuiswonend","HAVO",6923,7,4,5,5,7,6,3,5,"IKEA"
"260","9-5-2018 9:28:01","Ja","Man","19","Thuiswonend","HAVO",6923,7,5,6,5,7,5,3,4,"IKEA"
"261","9-5-2018 10:34:43","Ja","Vrouw","20","Thuiswonend","MBO",7009,6,7,6,8,6,7,7,8,"IKEA"
"262","9-5-2018 10:35:17","Ja","Vrouw","18","Thuiswonend","VMBO",7001,5,7,4,8,8,5,8,8,"IKEA"
"263","9-5-2018 10:35:53","Ja","Vrouw","22","Thuiswonend","VWO",7002,6,5,7,7,7,7,7,8,"IKEA"
"264","9-5-2018 10:37:23","Ja","Vrouw","23+","Thuiswonend","HBO",6909,6,6,7,6,8,6,7,8,"IKEA"
"265","9-5-2018 10:38:06","Ja","Man","18","Thuiswonend","HAVO",6909,6,6,6,6,6,6,6,6,"IKEA"
"266","9-5-2018 10:39:04","Ja","Vrouw","17 of jonger","Thuiswonend","HAVO",7041,6,6,6,6,7,6,6,7,"IKEA"
"267","23-5-2018 15:20:38","Ja","Man","20","Thuiswonend","HAVO",7001,6,6,5,6,6,6,6,6,"IKEA"
"268","23-5-2018 15:21:31","Ja","Man","18","Thuiswonend","HAVO",7009,6,6,6,5,7,5,7,6,"IKEA"
"269","23-5-2018 15:24:49","Ja","Man","21","Uitwonend","MBO",7002,7,5,6,6,5,7,7,9,"IKEA"
"270","23-5-2018 15:25:54","Ja","Man","21","Thuiswonend","VWO",7041,10,7,6,6,7,6,7,7,"IKEA"
"271","23-5-2018 15:26:54","Ja","Man","22",NA,"VWO",7001,7,7,7,7,7,6,7,7,"IKEA"
"272","23-5-2018 15:29:14","Ja","Man","20","Thuiswonend","HAVO",6826,8,5,5,7,6,7,6,7,"IKEA"
"273","23-5-2018 15:31:34","Ja","Man","21","Thuiswonend","MBO",6921,7,6,6,7,8,5,7,9,"IKEA"
"274","23-5-2018 15:32:22","Ja","Man","17 of jonger","Thuiswonend","VMBO",6921,6,5,7,6,7,5,6,7,"IKEA"
"275","9-5-2018 13:39:18","Ja","Man","21","Thuiswonend","MBO",7007,8,7,7,5,5,7,6,8,"Eastpak"
"276","9-5-2018 13:39:23","Ja","Man","17 of jonger","Uitwonend","HAVO",7101,8,2,6,7,6,7,4,8,"Eastpak"
"277","9-5-2018 13:40:17","Ja","Man","18","Thuiswonend","HAVO",3912,10,9,9,10,10,10,10,10,"Eastpak"
"278","9-5-2018 13:40:20","Ja","Man","18","Thuiswonend","HAVO",6922,8,7,8,7,9,7,5,8,"Eastpak"
"279","9-5-2018 13:40:37","Ja","Man","18","Thuiswonend","HAVO",6916,6,7,8,7,7,6,9,8,"Eastpak"
"280","9-5-2018 13:41:12","Ja","Vrouw","17 of jonger","Thuiswonend","HAVO",7327,6,6,5,3,6,6,4,7,"Eastpak"
"281","9-5-2018 13:43:05","Ja","Vrouw","19","Thuiswonend","HAVO",7031,6,2,10,2,9,3,8,6,"Eastpak"
"282","9-5-2018 13:44:43","Ja","Man","20","Thuiswonend","VWO",6843,8,7,7,8,9,6,10,8,"Eastpak"
"283","9-5-2018 13:48:58","Ja","Vrouw","19","Uitwonend","HAVO",6544,NA,6,6,5,8,6,3,6,"Eastpak"
"284","9-5-2018 13:52:03","Ja","Man","23+","Thuiswonend","MBO",3927,7,6,7,5,7,5,7,6,"Eastpak"
"285","9-5-2018 13:56:56","Ja","Vrouw","20","Thuiswonend","MBO",7001,6,6,6,4,8,4,8,6,"Eastpak"
"286","9-5-2018 13:57:15","Ja","Man","23+","Uitwonend","HBO",7511,7,7,8,7,8,5,7,7,"Eastpak"
"287","9-5-2018 13:58:23","Ja","Man","23+","Thuiswonend","MBO",1365,8,6,7,7,7,7,6,6,"Eastpak"
"288","9-5-2018 13:58:45","Ja","Vrouw","23+","Thuiswonend","MBO",3927,7,7,7,7,7,9,3,5,"Eastpak"
"289","9-5-2018 13:58:57","Ja","Vrouw","20","Thuiswonend","HBO",6957,7,7,7,7,6,7,5,7,"Eastpak"
"290","9-5-2018 14:04:27","Ja","Vrouw","20","Thuiswonend","HAVO",7061,7,8,8,8,8,8,8,8,"Eastpak"
"291","9-5-2018 14:11:27","Nee",NA,NA,NA,NA,NA,NA,NA,NA,NA,NA,NA,NA,NA,"Eastpak"
"292","9-5-2018 14:13:32","Ja","Man","18","Thuiswonend","HAVO",7334,8,7,7,8,7,6,7,6,"Eastpak"
"293","9-5-2018 14:15:01","Ja","Man","23+","Thuiswonend","HAVO",0,1,1,1,1,1,1,1,1,"Eastpak"
"294","9-5-2018 14:15:40","Nee",NA,NA,NA,NA,NA,NA,NA,NA,NA,NA,NA,NA,NA,"Eastpak"
"295","9-5-2018 14:16:38","Ja","Vrouw","22","Thuiswonend","VMBO",3971,8,7,9,9,7,10,10,10,"Eastpak"
"296","9-5-2018 14:19:13","Ja","Vrouw","20","Thuiswonend","MBO",7021,7,5,7,6,8,6,7,8,"Eastpak"
"297","9-5-2018 14:20:20","Nee",NA,NA,NA,NA,NA,NA,NA,NA,NA,NA,NA,NA,NA,"Eastpak"
"298","9-5-2018 14:21:06","Ja","Ik zie mijzelf niet als man of vrouw","23+","Uitwonend","HBO",3927,1,1,1,1,1,1,1,1,"Eastpak"
"299","9-5-2018 14:48:31","Ja","Man","20","Uitwonend","VMBO",7075,8,5,7,5,8,6,4,8,"Eastpak"
"300","9-5-2018 15:11:39","Nee",NA,NA,NA,NA,NA,NA,NA,NA,NA,NA,NA,NA,NA,"Eastpak"
"301","9-5-2018 15:14:27","Ja","Vrouw","20","Thuiswonend","MBO",3927,8,7,7,7,7,7,7,7,"Eastpak"
"302","9-5-2018 15:34:41","Ja","Man","23+","Thuiswonend","HAVO",6744,7,7,7,7,7,7,7,7,"Eastpak"
"303","9-5-2018 15:34:41","Nee",NA,NA,NA,NA,NA,NA,NA,NA,NA,NA,NA,NA,NA,"Eastpak"
"304","9-5-2018 15:34:51","Nee",NA,NA,NA,NA,NA,NA,NA,NA,NA,NA,NA,NA,NA,"Eastpak"
"305","9-5-2018 15:35:06","Nee",NA,NA,NA,NA,NA,NA,NA,NA,NA,NA,NA,NA,NA,"Eastpak"
"306","9-5-2018 15:35:13","Nee",NA,NA,NA,NA,NA,NA,NA,NA,NA,NA,NA,NA,NA,"Eastpak"
"307","9-5-2018 15:36:34","Nee",NA,NA,NA,NA,NA,NA,NA,NA,NA,NA,NA,NA,NA,"Eastpak"
"308","9-5-2018 15:37:02","Nee",NA,NA,NA,NA,NA,NA,NA,NA,NA,NA,NA,NA,NA,"Eastpak"
"309","10-5-2018 14:42:04","Ja","Man","17 of jonger","Uitwonend","HAVO",7101,8,2,6,7,6,7,4,8,"Eastpak"
"310","23-5-2018 15:29:21","Nee",NA,NA,NA,NA,NA,NA,NA,NA,NA,NA,NA,NA,NA,"Eastpak"
"311","23-5-2018 15:29:36","Nee",NA,NA,NA,NA,NA,NA,NA,NA,NA,NA,NA,NA,NA,"Eastpak"
"312","23-5-2018 15:29:41","Nee",NA,NA,NA,NA,NA,NA,NA,NA,NA,NA,NA,NA,NA,"Eastpak"
"313","23-5-2018 15:29:45","Nee",NA,NA,NA,NA,NA,NA,NA,NA,NA,NA,NA,NA,NA,"Eastpak"
"314","23-5-2018 15:29:49","Nee",NA,NA,NA,NA,NA,NA,NA,NA,NA,NA,NA,NA,NA,"Eastpak"
"315","23-5-2018 15:29:53","Nee",NA,NA,NA,NA,NA,NA,NA,NA,NA,NA,NA,NA,NA,"Eastpak"
"316","23-5-2018 15:30:17","Ja","Man","18","Thuiswonend","HAVO",7091,8,6,7,7,7,6,8,6,"Eastpak"
"317","23-5-2018 15:30:20","Nee",NA,NA,NA,NA,NA,NA,NA,NA,NA,NA,NA,NA,NA,"Eastpak"
"318","23-5-2018 15:30:24","Nee",NA,NA,NA,NA,NA,NA,NA,NA,NA,NA,NA,NA,NA,"Eastpak"
"319","23-5-2018 15:30:28","Nee",NA,NA,NA,NA,NA,NA,NA,NA,NA,NA,NA,NA,NA,"Eastpak"
"320","23-5-2018 15:30:32","Nee",NA,NA,NA,NA,NA,NA,NA,NA,NA,NA,NA,NA,NA,"Eastpak"
"321","23-5-2018 15:30:36","Nee",NA,NA,NA,NA,NA,NA,NA,NA,NA,NA,NA,NA,NA,"Eastpak"
"322","23-5-2018 15:30:40","Nee",NA,NA,NA,NA,NA,NA,NA,NA,NA,NA,NA,NA,NA,"Eastpak"
"323","23-5-2018 15:30:43","Nee",NA,NA,NA,NA,NA,NA,NA,NA,NA,NA,NA,NA,NA,"Eastpak"
"324","23-5-2018 15:30:47","Nee",NA,NA,NA,NA,NA,NA,NA,NA,NA,NA,NA,NA,NA,"Eastpak"
"325","23-5-2018 15:30:50","Nee",NA,NA,NA,NA,NA,NA,NA,NA,NA,NA,NA,NA,NA,"Eastpak"
"326","23-5-2018 15:30:54","Nee",NA,NA,NA,NA,NA,NA,NA,NA,NA,NA,NA,NA,NA,"Eastpak"
"327","23-5-2018 15:30:57","Nee",NA,NA,NA,NA,NA,NA,NA,NA,NA,NA,NA,NA,NA,"Eastpak"
"328","23-5-2018 15:31:02","Nee",NA,NA,NA,NA,NA,NA,NA,NA,NA,NA,NA,NA,NA,"Eastpak"
"329","23-5-2018 15:31:06","Nee",NA,NA,NA,NA,NA,NA,NA,NA,NA,NA,NA,NA,NA,"Eastpak"
"330","23-5-2018 15:31:10","Nee",NA,NA,NA,NA,NA,NA,NA,NA,NA,NA,NA,NA,NA,"Eastpak"
"331","23-5-2018 15:31:14","Nee",NA,NA,NA,NA,NA,NA,NA,NA,NA,NA,NA,NA,NA,"Eastpak"
"332","23-5-2018 15:31:17","Nee",NA,NA,NA,NA,NA,NA,NA,NA,NA,NA,NA,NA,NA,"Eastpak"
"333","23-5-2018 15:31:22","Nee",NA,NA,NA,NA,NA,NA,NA,NA,NA,NA,NA,NA,NA,"Eastpak"
"334","23-5-2018 15:31:32","Nee",NA,NA,NA,NA,NA,NA,NA,NA,NA,NA,NA,NA,NA,"Eastpak"
"335","23-5-2018 15:31:40","Nee",NA,NA,NA,NA,NA,NA,NA,NA,NA,NA,NA,NA,NA,"Eastpak"
"336","23-5-2018 15:32:53","Nee",NA,NA,NA,NA,NA,NA,NA,NA,NA,NA,NA,NA,NA,"Eastpak"
"337","23-5-2018 15:32:57","Nee",NA,NA,NA,NA,NA,NA,NA,NA,NA,NA,NA,NA,NA,"Eastpak"
"338","23-5-2018 15:33:01","Nee",NA,NA,NA,NA,NA,NA,NA,NA,NA,NA,NA,NA,NA,"Eastpak"
"339","23-5-2018 15:33:05","Nee",NA,NA,NA,NA,NA,NA,NA,NA,NA,NA,NA,NA,NA,"Eastpak"
"340","23-5-2018 15:38:12","Ja","Man","18","Thuiswonend","HAVO",7031,7,6,6,6,8,5,7,7,"Eastpak"
"341","23-5-2018 15:42:00","Ja","Man","18","Thuiswonend","HAVO",7102,9,7,9,7,8,7,9,8,"Eastpak"
"342","23-5-2018 15:44:39","Ja","Man","23+","Thuiswonend","MBO",3907,8,8,8,8,8,8,8,8,"Eastpak"
"343","23-5-2018 15:55:21","Ja","Man","18","Thuiswonend","HAVO",6916,8,6,10,8,6,9,8,8,"Eastpak"
"344","25-4-2018 15:03:20","Ja","Vrouw","20","Thuis","MBO",7002,7,6,6,6,7,7,6,6,"Coolblue"
"345","25-4-2018 15:04:08","Ja","Man","18","Thuis","HAVO",7091,7,7,7,7,7,7,7,7,"Coolblue"
"346","25-4-2018 15:04:13","Ja","Man","20","Thuis","VWO",6843,8,7,7,7,6,7,7,8,"Coolblue"
"347","25-4-2018 15:04:32","Ja","Man","18","Thuis","HAVO",6922,7,8,6,7,8,7,5,8,"Coolblue"
"348","25-4-2018 15:06:26","Ja","Man","21","Thuis","VMBO",6826,7,6,6,6,6,8,7,6,"Coolblue"
"349","25-4-2018 15:10:07","Ja","Man","18","Thuis","HAVO",7227,10,7,7,7,9,7,7,7,"Coolblue"
"350","25-4-2018 15:10:17","Ja","Man","18",NA,"HAVO",6916,8,9,6,8,7,9,7,9,"Coolblue"
"351","25-4-2018 15:13:00","Ja","Man","18","Thuiswonend","HAVO",7031,8,8,7,9,7,8,7,6,"Coolblue"
"352","2-5-2018 12:53:40","Ja","Man","23+","Thuiswonend","MBO",NA,6,5,6,5,5,5,5,5,"Coolblue"
"353","2-5-2018 12:56:11","Ja","Man","18","Thuiswonend","HAVO",6916,8,7,6,9,8,7,9,8,"Coolblue"
"354","2-5-2018 12:58:44","Ja","Man","19","Thuiswonend","HAVO",7331,10,8,8,10,9,7,7,9,"Coolblue"
"355","2-5-2018 14:59:00","Ja","Man","23+","Thuiswonend","MBO",NA,6,5,6,5,5,5,5,5,"Coolblue"
"356","2-5-2018 19:30:53","Ja","Vrouw","19","Thuiswonend","MBO",7041,6,7,6,6,7,5,7,7,"Coolblue"
"357","2-5-2018 19:33:25","Ja","Vrouw","17 of jonger","Thuiswonend","HAVO",7327,7,6,6,6,5,6,7,6,"Coolblue"
"358","2-5-2018 20:21:33","Ja","Man","23+","Uitwonend","MBO",7101,8,7,8,9,8,7,9,7,"Coolblue"
"359","9-5-2018 13:37:41","Ja","Man","18","Thuiswonend","HAVO",7031,8,7,8,7,7,8,9,6,"Coolblue"
"360","22-5-2018 12:06:59","Ja","Man","20","Thuiswonend","VMBO",7227,8,7,7,7,7,7,7,8,"Coolblue"
"361","22-5-2018 12:09:57","Ja","Man","18","Thuiswonend","HAVO",7227,9,8,8,7,7,7,7,9,"Coolblue"
"362","22-5-2018 12:19:46","Ja","Vrouw","20","Uitwonend","VWO",6521,8,8,8,7,8,6,7,7,"Coolblue"
"363","22-5-2018 12:56:43","Nee",NA,NA,NA,NA,NA,NA,NA,NA,NA,NA,NA,NA,NA,"Coolblue"
"364","22-5-2018 14:24:51","Nee",NA,NA,NA,NA,NA,NA,NA,NA,NA,NA,NA,NA,NA,"Coolblue"
"365","22-5-2018 15:32:19","Ja","Man","19","Thuiswonend","HAVO",7227,7,6,6,6,7,6,6,7,"Coolblue"
"366","22-5-2018 15:49:34","Nee",NA,NA,NA,NA,NA,NA,NA,NA,NA,NA,NA,NA,NA,"Coolblue"
"367","22-5-2018 15:55:48","Ja","Man","18","Thuiswonend","HAVO",6971,8,7,7,7,7,7,8,7,"Coolblue"
"368","22-5-2018 15:58:11","Ja","Man","21","Uitwonend","VWO",9711,9,7,8,7,7,6,8,9,"Coolblue"
"369","22-5-2018 16:03:39","Ja","Man","19","Thuiswonend","HAVO",7221,7,5,6,5,5,4,6,5,"Coolblue"
"370","22-5-2018 16:16:16","Ja","Man","17 of jonger","Thuiswonend","VMBO",7227,7,7,7,7,7,7,7,7,"Coolblue"
"371","22-5-2018 16:57:05","Nee",NA,NA,NA,NA,NA,NA,NA,NA,NA,NA,NA,NA,NA,"Coolblue"
"372","22-5-2018 16:57:18","Nee",NA,NA,NA,NA,NA,NA,NA,NA,NA,NA,NA,NA,NA,"Coolblue"
"373","22-5-2018 19:34:57","Ja","Man","21","Thuiswonend","HAVO",7204,4,3,5,3,4,4,4,6,"Coolblue"
"374","22-5-2018 23:48:21","Ja","Man","19","Thuiswonend","HAVO",7227,7,6,6,6,7,6,6,7,"Coolblue"
"375","23-5-2018 9:17:21","Nee",NA,NA,NA,NA,NA,NA,NA,NA,NA,NA,NA,NA,NA,"Coolblue"
"376","23-5-2018 10:42:23","Ja","Man","18","Thuiswonend","HBO",7031,7,6,7,7,8,7,8,7,"Coolblue"
"377","23-5-2018 10:43:10","Ja","Man","18","Thuiswonend","HAVO",7031,8,7,8,7,7,6,9,6,"Coolblue"
"378","23-5-2018 10:44:10","Ja","Vrouw","17 of jonger","Thuiswonend","HAVO",7031,9,7,7,8,9,8,9,6,"Coolblue"
"379","23-5-2018 10:44:25","Nee",NA,NA,NA,NA,NA,NA,NA,NA,NA,NA,NA,NA,NA,"Coolblue"
"380","23-5-2018 10:46:07","Ja","Vrouw","18","Thuiswonend","VMBO",7331,8,6,8,8,9,6,8,7,"Coolblue"
"381","23-5-2018 10:50:00","Ja","Man","18","Uitwonend","HAVO",7512,7,6,6,7,7,6,7,6,"Coolblue"
"382","23-5-2018 10:56:00","Ja","Man","19","Uitwonend","MBO",7031,8,6,8,8,9,7,8,7,"Coolblue"
"383","23-5-2018 10:59:39","Ja","Man","19","Thuiswonend","HAVO",7043,7,8,8,7,8,8,9,8,"Coolblue"
"384","23-5-2018 11:24:11","Nee",NA,NA,NA,NA,NA,NA,NA,NA,NA,NA,NA,NA,NA,"Coolblue"
"385","23-5-2018 11:35:18","Ja","Man","17 of jonger","Thuiswonend","HAVO",7031,8,7,8,8,7,8,9,8,"Coolblue"
"386","23-5-2018 11:44:13","Ja","Ik zie mijzelf niet als man of vrouw","23+","Uitwonend","HBO",1234,10,1,10,1,10,1,10,1,"Coolblue"
"387","23-5-2018 12:10:34","Ja","Man","20","Thuiswonend","MBO",7031,7,6,6,6,9,5,8,7,"Coolblue"
"388","23-5-2018 12:10:56","Ja","Vrouw","19","Thuiswonend","VWO",7227,7,8,7,9,8,6,7,8,"Coolblue"
"389","23-5-2018 12:11:43","Ja","Vrouw","17 of jonger","Thuiswonend","VMBO",7031,8,7,8,8,10,6,10,7,"Coolblue"
"390","23-5-2018 12:12:10","Ja","Vrouw","18","Thuiswonend","VMBO",7204,7,7,6,6,8,7,5,6,"Coolblue"
"391","23-5-2018 12:13:58","Ja","Vrouw","20","Thuiswonend","VWO",7035,8,7,8,6,7,5,9,7,"Coolblue"
"392","23-5-2018 12:14:05","Nee",NA,NA,NA,NA,NA,NA,NA,NA,NA,NA,NA,NA,NA,"Coolblue"
"393","23-5-2018 12:15:29","Ja","Vrouw","21","Uitwonend","MBO",7038,7,5,7,6,9,5,8,7,"Coolblue"
"394","23-5-2018 12:16:30","Ja","Man","18","Thuiswonend","VMBO",7031,7,7,8,6,8,6,8,7,"Coolblue"
"395","23-5-2018 15:37:27","Ja","Man","18","Thuiswonend","HAVO",7091,7,8,6,8,9,7,9,10,"Coolblue"
"396","30-4-2018 10:53:54","Ja","Man","18","Thuiswonend","HAVO",6916,8,6,9,8,8,9,8,8,"BOL"
"397","30-4-2018 11:12:50","Nee",NA,NA,NA,NA,NA,NA,NA,NA,NA,NA,NA,NA,NA,"BOL"
"398","30-4-2018 11:14:06","Nee",NA,NA,NA,NA,NA,NA,NA,NA,NA,NA,NA,NA,NA,"BOL"
"399","30-4-2018 11:14:17","Nee",NA,NA,NA,NA,NA,NA,NA,NA,NA,NA,NA,NA,NA,"BOL"
"400","30-4-2018 11:17:25","Ja","Vrouw","18","Thuiswonend","HAVO",6911,8,2,7,2,6,4,6,6,"BOL"
"401","30-4-2018 11:18:11","Ja","Man","17 of jonger","Thuiswonend","VMBO",6921,10,9,8,8,8,8,9,9,"BOL"
"402","30-4-2018 11:18:20","Ja","Man","18","Thuiswonend","HAVO",6921,8,7,7,6,7,6,8,8,"BOL"
"403","30-4-2018 11:18:41","Ja","Man","22","Thuiswonend","VWO",6916,8,4,8,6,8,7,9,8,"BOL"
"404","30-4-2018 11:18:58","Ja","Man","18","Thuiswonend","VMBO",6921,7,4,6,6,5,2,9,7,"BOL"
"405","30-4-2018 11:19:20","Ja","Man","17 of jonger","Thuiswonend","VMBO",6916,6,6,6,6,6,6,6,6,"BOL"
"406","30-4-2018 11:19:45","Ja","Man","18","Thuiswonend","VMBO",6916,8,6,8,8,10,7,8,8,"BOL"
"407","30-4-2018 11:24:57","Ja","Ik zie mijzelf niet als man of vrouw","23+","Thuiswonend","HBO",124,1,1,1,1,1,1,1,1,"BOL"
"408","30-4-2018 11:27:13","Ja","Vrouw","19","Uitwonend","VWO",7513,8,10,7,8,8,8,6,7,"BOL"
"409","30-4-2018 11:28:04","Ja","Man","18","Thuiswonend","HAVO",7334,7,8,7,8,7,7,8,7,"BOL"
"410","30-4-2018 11:28:51","Ja","Vrouw","17 of jonger","Thuiswonend","VMBO",6922,6,6,6,6,6,6,6,6,"BOL"
"411","30-4-2018 11:29:49","Nee",NA,NA,NA,NA,NA,NA,NA,NA,NA,NA,NA,NA,NA,"BOL"
"412","30-4-2018 11:31:07","Ja","Vrouw","17 of jonger","Thuiswonend","VMBO",6911,8,7,7,8,8,8,7,8,"BOL"
"413","30-4-2018 11:35:20","Ja","Man","18","Thuiswonend","HAVO",6913,7,7,7,7,7,7,7,7,"BOL"
"414","30-4-2018 11:36:43","Ja","Vrouw","17 of jonger","Thuiswonend","VMBO",6905,8,8,8,7,7,7,9,9,"BOL"
"415","30-4-2018 11:41:49","Ja","Vrouw","17 of jonger","Thuiswonend","VMBO",6921,7,6,8,6,7,7,8,8,"BOL"
"416","30-4-2018 11:43:18","Ja","Man","23+","Uitwonend","HAVO",6916,9,9,9,9,8,7,8,9,"BOL"
"417","30-4-2018 11:44:21","Nee",NA,NA,NA,NA,NA,NA,NA,NA,NA,NA,NA,NA,NA,"BOL"
"418","30-4-2018 11:51:44","Ja","Man","23+","Thuiswonend","MBO",NA,7,2,6,3,3,4,7,4,"BOL"
"419","30-4-2018 12:05:47","Nee",NA,NA,NA,NA,NA,NA,NA,NA,NA,NA,NA,NA,NA,"BOL"
"420","30-4-2018 12:06:38","Ja","Ik zie mijzelf niet als man of vrouw","23+","Uitwonend","VMBO",6933,10,10,10,10,10,10,10,10,"BOL"
"421","30-4-2018 12:33:03","Ja","Vrouw","18","Thuiswonend","HAVO",6922,8,6,7,8,7,8,8,8,"BOL"
"422","30-4-2018 12:38:23","Nee",NA,NA,NA,NA,NA,NA,NA,NA,NA,NA,NA,NA,NA,"BOL"
"423","30-4-2018 12:41:20","Nee",NA,NA,NA,NA,NA,NA,NA,NA,NA,NA,NA,NA,NA,"BOL"
"424","30-4-2018 12:45:55","Ja","Vrouw","18","Thuiswonend","VMBO",5328,8,8,8,9,9,8,9,9,"BOL"
"425","30-4-2018 13:29:24","Ja","Vrouw","19","Thuiswonend","VWO",1025,8,5,9,5,7,6,6,9,"BOL"
"426","30-4-2018 13:30:19","Ja","Man","23+","Thuiswonend","VMBO",6827,7,4,6,5,7,4,7,8,"BOL"
"427","30-4-2018 13:32:56","Ja","Man","21","Thuiswonend","MBO",6826,7,7,7,7,7,7,7,7,"BOL"
"428","30-4-2018 13:33:19","Ja","Man","23+","Uitwonend","HAVO",6932,6,6,7,6,6,7,8,8,"BOL"
"429","30-4-2018 13:35:13","Ja","Man","23+","Thuiswonend","HBO",6882,7,6,6,5,7,6,6,7,"BOL"
"430","30-4-2018 14:12:42","Ja","Vrouw","19","Thuiswonend","MBO",6981,8,8,8,8,8,9,10,9,"BOL"
"431","30-4-2018 15:56:29","Ja","Man","23+","Uitwonend","HBO",6836,9,6,8,6,8,6,8,8,"BOL"
"432","30-4-2018 16:10:30","Ja","Man","20","Thuiswonend","VWO",6843,8,7,8,9,8,8,10,10,"BOL"
"433","30-4-2018 16:31:10","Nee",NA,NA,NA,NA,NA,NA,NA,NA,NA,NA,NA,NA,NA,"BOL"
"434","30-4-2018 18:39:39","Ja","Man","18","Thuiswonend","HAVO",6987,8,4,6,7,8,3,7,8,"BOL"
"435","30-4-2018 20:19:17","Nee",NA,NA,NA,NA,NA,NA,NA,NA,NA,NA,NA,NA,NA,"BOL"
"436","30-4-2018 20:47:45","Ja","Vrouw","23+","Uitwonend","MBO",6921,8,7,7,7,8,7,7,8,"BOL"
"437","30-4-2018 21:04:39","Ja","Man","19","Thuiswonend","HAVO",7261,7,7,8,8,8,8,9,9,"BOL"
"438","30-4-2018 22:21:29","Ja","Ik zie mijzelf niet als man of vrouw","23+",NA,"HBO",6969,2,8,8,7,8,7,9,8,"BOL"
"439","30-4-2018 22:52:29","Nee",NA,NA,NA,NA,NA,NA,NA,NA,NA,NA,NA,NA,NA,"BOL"
"440","30-4-2018 23:22:36","Ja","Man","23+","Uitwonend","HAVO",6533,7,6,6,6,6,6,6,6,"BOL"
"441","1-5-2018 0:14:33","Nee",NA,NA,NA,NA,NA,NA,NA,NA,NA,NA,NA,NA,NA,"BOL"
"442","1-5-2018 0:14:44","Nee",NA,NA,NA,NA,NA,NA,NA,NA,NA,NA,NA,NA,NA,"BOL"
"443","1-5-2018 0:14:55","Nee",NA,NA,NA,NA,NA,NA,NA,NA,NA,NA,NA,NA,NA,"BOL"
"444","1-5-2018 0:36:19","Ja","Vrouw","20","Thuiswonend","MBO",6833,6,6,6,6,6,6,6,6,"BOL"
"445","1-5-2018 0:36:59","Nee",NA,NA,NA,NA,NA,NA,NA,NA,NA,NA,NA,NA,NA,"BOL"
"446","1-5-2018 0:37:41","Ja","Man","21","Thuiswonend","VMBO",3081,7,9,7,7,9,8,10,10,"BOL"
"447","1-5-2018 1:45:07","Ja","Vrouw","17 of jonger","Thuiswonend","HAVO",1025,5,5,10,5,5,5,8,7,"BOL"
"448","1-5-2018 14:13:12","Ja","Man","19","Uitwonend","VWO",6922,8,6,7,7,5,5,7,8,"BOL"
"449","1-5-2018 20:22:25","Ja","Vrouw","19","Thuiswonend","MBO",7041,7,5,6,7,9,5,9,9,"BOL"
"450","2-5-2018 12:19:52","Ja","Man","18","Thuiswonend","HAVO",7031,8,7,8,7,9,6,9,6,"BOL"
"451","2-5-2018 19:32:51","Ja","Vrouw","17 of jonger","Thuiswonend","HAVO",7327,5,7,7,8,8,8,7,6,"BOL"
"452","2-5-2018 19:51:32","Ja","Man","18","Thuiswonend","HAVO",7091,7,7,6,8,6,7,6,7,"BOL"
"453","2-5-2018 20:21:04","Ja","Man","23+","Uitwonend","MBO",7101,8,9,7,9,8,9,6,7,"BOL"
"454","9-5-2018 13:50:21","Ja","Man","19","Uitwonend","VWO",6746,5,7,6,6,3,4,4,8,"BOL"
"455","9-5-2018 13:50:53","Nee",NA,NA,NA,NA,NA,NA,NA,NA,NA,NA,NA,NA,NA,"BOL"
"456","9-5-2018 13:51:05","Nee",NA,NA,NA,NA,NA,NA,NA,NA,NA,NA,NA,NA,NA,"BOL"
"457","9-5-2018 13:51:45","Ja","Vrouw","21","Uitwonend","VMBO",NA,9,7,8,6,9,6,5,7,"BOL"
"458","9-5-2018 13:56:28","Nee",NA,NA,NA,NA,NA,NA,NA,NA,NA,NA,NA,NA,NA,"BOL"
"459","16-5-2018 13:57:51","Ja","Man","20","Thuiswonend","MBO",2525,7,6,6,7,7,7,6,8,"BOL"
"460","23-5-2018 12:17:11","Ja","Man","22","Thuiswonend","HAVO",6481,8,7,7,8,7,8,6,7,"BOL"
"461","23-5-2018 12:18:55","Ja","Man","20","Thuiswonend","VWO",6921,8,6,8,7,9,8,5,7,"BOL"
"462","23-5-2018 15:17:52","Ja","Man","18","Uitwonend","VWO",6830,5,5,5,5,6,6,7,6,"BOL"
"463","23-5-2018 15:17:57","Ja","Man","22","Thuiswonend","VWO",6822,8,7,8,6,6,6,8,8,"BOL"
"464","23-5-2018 15:18:31","Ja","Vrouw","20","Uitwonend","VMBO",6825,3,7,6,8,7,4,7,7,"BOL"
"465","23-5-2018 15:18:52","Ja","Man","23+","Thuiswonend","VWO",6822,7,5,7,6,6,8,8,7,"BOL"
"466","23-5-2018 15:19:03","Ja","Man","17 of jonger","Thuiswonend","MBO",6824,5,8,2,8,7,7,6,6,"BOL"
"467","23-5-2018 15:19:24","Ja","Man","19","Uitwonend","VWO",6841,7,6,6,6,7,7,6,6,"BOL"
"468","23-5-2018 15:21:01","Ja","Man","17 of jonger","Thuiswonend","VMBO",2833,10,10,10,10,5,4,5,10,"BOL"
"469","23-5-2018 15:26:21","Nee",NA,NA,NA,NA,NA,NA,NA,NA,NA,NA,NA,NA,NA,"BOL"
"470","23-5-2018 15:28:18","Ja","Vrouw","22","Thuiswonend","MBO",6826,5,5,4,4,7,7,7,8,"BOL"
"471","23-5-2018 15:28:59","Ja","Vrouw","20","Thuiswonend","HBO",1026,8,8,8,7,7,8,8,8,"BOL"
"472","23-5-2018 15:29:22","Nee",NA,NA,NA,NA,NA,NA,NA,NA,NA,NA,NA,NA,NA,"BOL"
"473","23-5-2018 15:29:46","Ja","Vrouw","22","Thuiswonend","VWO",1028,8,8,8,8,8,8,8,8,"BOL"
"474","23-5-2018 15:29:52","Ja","Vrouw","18","Thuiswonend","VWO",1034,8,6,6,7,7,7,8,9,"BOL"
"475","23-5-2018 15:30:02","Ja","Vrouw","19","Thuiswonend","VMBO",1024,7,9,8,9,1,10,5,10,"BOL"
"476","23-5-2018 15:30:27","Ja","Man","18","Thuiswonend","VMBO",6921,8,7,8,8,6,8,8,7,"BOL"
"477","23-5-2018 15:30:40","Ja","Man","18","Thuiswonend","VMBO",6921,8,7,7,6,8,6,8,10,"BOL"
"478","23-5-2018 15:30:57","Ja","Man","18","Thuiswonend","HAVO",6922,7,4,7,4,4,8,7,6,"BOL"
"479","23-5-2018 15:31:08","Ja","Man","18","Thuiswonend","VMBO",6921,8,5,6,3,6,4,7,8,"BOL"
"480","23-5-2018 15:32:12","Ja","Man","18","Thuiswonend","HAVO",6921,8,5,8,6,9,7,9,10,"BOL"
"481","23-5-2018 15:32:36","Nee",NA,NA,NA,NA,NA,NA,NA,NA,NA,NA,NA,NA,NA,"BOL"
"482","23-5-2018 15:33:06","Ja","Man","18","Thuiswonend","HAVO",6922,9,6,7,6,6,6,8,9,"BOL"
"483","23-5-2018 15:33:30","Ja","Vrouw","19","Thuiswonend","VWO",1025,8,8,8,6,7,7,7,8,"BOL"
"484","23-5-2018 15:34:36","Ja","Vrouw","17 of jonger","Thuiswonend","VWO",1025,8,7,8,5,6,6,7,7,"BOL"
"485","23-5-2018 15:36:17","Ja","Man","18","Thuiswonend","HAVO",6922,8,6,7,6,8,6,9,8,"BOL"
"486","23-5-2018 15:38:51","Ja","Vrouw","19","Thuiswonend","MBO",1025,8,7,7,8,7,8,8,8,"BOL"
"487","23-5-2018 15:44:05","Nee",NA,NA,NA,NA,NA,NA,NA,NA,NA,NA,NA,NA,NA,"BOL"
"488","23-5-2018 15:44:22","Ja","Vrouw","19","Thuiswonend","MBO",1135,9,5,6,1,4,5,6,6,"BOL"
"489","23-5-2018 15:45:06","Ja","Vrouw","18","Thuiswonend","VWO",1021,7,7,7,5,4,5,6,8,"BOL"
"490","23-5-2018 15:49:38","Ja","Vrouw","20","Thuiswonend","VMBO",NA,8,8,8,9,8,8,6,6,"BOL"
"491","23-5-2018 15:54:29","Ja","Man","17 of jonger","Thuiswonend","MBO",6921,9,9,9,10,8,8,8,10,"BOL"
"492","23-5-2018 17:07:12","Ja","Ik zie mijzelf niet als man of vrouw","19","Thuiswonend","MBO",1023,7,5,5,7,6,6,6,6,NA
"493","9-5-2018 13:41:46","Ja","Man","18","Thuiswonend","HAVO",6916,8,9,8,8,7,7,8,8,"Media Markt"
"494","9-5-2018 13:43:11","Ja","Man","18","Thuiswonend","HAVO",6922,9,6,7,6,7,8,9,8,"Media Markt"
"495","9-5-2018 13:50:00","Ja","Man","19","Thuiswonend","HAVO",6862,9,8,8,7,9,6,9,9,"Media Markt"
"496","9-5-2018 13:50:48","Ja","Man","21","Thuiswonend","HAVO",6853,7,6,8,7,9,7,9,9,"Media Markt"
"497","9-5-2018 13:52:01","Ja","Man","20","Thuiswonend","VWO",6843,8,8,7,8,10,6,10,10,"Media Markt"
"498","9-5-2018 13:53:10","Ja","Man","23+","Thuiswonend","MBO",3904,7,7,7,7,7,7,7,7,"Media Markt"
"499","9-5-2018 14:22:26","Ja","Vrouw","20","Thuiswonend","MBO",6833,7,7,7,7,7,7,7,7,"Media Markt"
"500","9-5-2018 14:28:27","Ja","Vrouw","20","Thuiswonend","MBO",7002,7,7,7,7,7,6,7,8,"Media Markt"
"501","9-5-2018 14:30:04","Ja","Vrouw","21","Thuiswonend","MBO",6931,6,2,5,4,5,6,2,6,"Media Markt"
"502","9-5-2018 14:42:06","Ja","Vrouw","18","Thuiswonend","VMBO",6833,9,7,7,5,6,8,7,7,"Media Markt"
"503","9-5-2018 14:45:20","Ja","Vrouw","21","Thuiswonend","MBO",7206,8,8,8,8,8,7,6,9,"Media Markt"
"504","9-5-2018 14:46:03","Ja","Ik zie mijzelf niet als man of vrouw","20","Uitwonend","HBO",7205,9,5,10,7,9,8,3,7,"Media Markt"
"505","9-5-2018 14:46:10","Nee",NA,NA,NA,NA,NA,NA,NA,NA,NA,NA,NA,NA,NA,"Media Markt"
"506","9-5-2018 14:47:31","Ja","Man","17 of jonger","Thuiswonend","VMBO",8918,6,4,5,3,9,5,4,8,"Media Markt"
"507","9-5-2018 14:47:35","Ja","Man","23+","Uitwonend","MBO",6511,7,5,7,4,9,6,1,7,"Media Markt"
"508","9-5-2018 14:48:26","Ja","Vrouw","17 of jonger","Thuiswonend","VMBO",3521,10,7,9,8,9,7,6,7,"Media Markt"
"509","9-5-2018 14:48:52","Nee",NA,NA,NA,NA,NA,NA,NA,NA,NA,NA,NA,NA,NA,"Media Markt"
"510","9-5-2018 14:49:23","Ja","Vrouw","21","Thuiswonend","VWO",6832,7,4,6,5,5,3,7,7,"Media Markt"
"511","9-5-2018 14:50:15","Nee",NA,NA,NA,NA,NA,NA,NA,NA,NA,NA,NA,NA,NA,"Media Markt"
"512","9-5-2018 14:58:53","Ja","Vrouw","21","Thuiswonend","MBO",6841,6,6,7,6,7,5,6,8,"Media Markt"
"513","9-5-2018 15:09:51","Ja","Vrouw","17 of jonger","Thuiswonend","VMBO",6856,10,10,10,10,10,10,10,10,"Media Markt"
"514","9-5-2018 15:16:15","Ja","Vrouw","21","Uitwonend","VMBO",6865,6,5,6,3,7,3,8,8,"Media Markt"
"515","9-5-2018 15:31:02","Ja","Vrouw","22","Thuiswonend","MBO",6841,8,5,7,6,9,6,6,8,"Media Markt"
"516","9-5-2018 15:35:55","Ja","Vrouw","22","Thuiswonend","HAVO",6834,8,6,7,5,8,6,8,9,"Media Markt"
"517","9-5-2018 15:37:12","Ja","Vrouw","21","Uitwonend","MBO",NA,7,7,7,7,7,7,7,7,"Media Markt"
"518","9-5-2018 15:42:22","Nee",NA,NA,NA,NA,NA,NA,NA,NA,NA,NA,NA,NA,NA,"Media Markt"
"519","9-5-2018 15:43:16","Ja","Vrouw","17 of jonger","Thuiswonend","HAVO",6835,7,3,3,2,2,2,6,8,"Media Markt"
"520","9-5-2018 16:03:02","Nee",NA,NA,NA,NA,NA,NA,NA,NA,NA,NA,NA,NA,NA,"Media Markt"
"521","9-5-2018 16:35:00","Nee",NA,NA,NA,NA,NA,NA,NA,NA,NA,NA,NA,NA,NA,"Media Markt"
"522","9-5-2018 16:47:45","Nee",NA,NA,NA,NA,NA,NA,NA,NA,NA,NA,NA,NA,NA,"Media Markt"
"523","9-5-2018 17:04:13","Ja","Man","18","Thuiswonend","VMBO",6671,6,6,6,6,8,6,6,9,"Media Markt"
"524","9-5-2018 17:13:12","Ja","Vrouw","21","Uitwonend","HAVO",6666,8,8,9,8,9,6,9,9,"Media Markt"
"525","9-5-2018 18:31:50","Nee",NA,NA,NA,NA,NA,NA,NA,NA,NA,NA,NA,NA,NA,"Media Markt"
"526","9-5-2018 19:05:51","Nee",NA,NA,NA,NA,NA,NA,NA,NA,NA,NA,NA,NA,NA,"Media Markt"
"527","9-5-2018 19:26:08","Nee",NA,NA,NA,NA,NA,NA,NA,NA,NA,NA,NA,NA,NA,"Media Markt"
"528","9-5-2018 19:27:12","Ja","Vrouw","18","Thuiswonend","VWO",6828,5,4,4,4,3,2,3,3,"Media Markt"
"529","9-5-2018 21:05:52","Nee",NA,NA,NA,NA,NA,NA,NA,NA,NA,NA,NA,NA,NA,"Media Markt"
"530","9-5-2018 21:27:31","Ja","Man","23+","Uitwonend","MBO",2802,8,6,8,6,7,3,8,9,"Media Markt"
"531","9-5-2018 21:51:22","Ja","Vrouw","17 of jonger","Thuiswonend","VMBO",NA,10,1,10,4,5,8,6,3,"Media Markt"
"532","9-5-2018 22:04:15","Ja","Man","18","Thuiswonend","VMBO",6832,7,8,8,10,9,9,4,7,"Media Markt"
"533","9-5-2018 23:41:27","Ja","Vrouw","20","Thuiswonend","MBO",7322,7,7,7,7,7,7,7,7,"Media Markt"
"534","9-5-2018 23:55:14","Ja","Man","17 of jonger","Thuiswonend","MBO",6832,6,10,7,7,8,8,10,10,"Media Markt"
"535","10-5-2018 1:05:33","Ja","Vrouw","22","Thuiswonend","MBO",6832,9,8,8,9,9,9,9,9,"Media Markt"
"536","10-5-2018 10:11:04","Ja","Vrouw","20","Thuiswonend","MBO",7002,7,7,7,7,7,6,7,8,"Media Markt"
"537","10-5-2018 11:41:33","Ja","Vrouw","20","Thuiswonend","MBO",7002,7,7,7,7,7,6,7,8,"Media Markt"
"538","11-5-2018 15:34:44","Ja","Vrouw","20","Uitwonend","HAVO",6922,7,5,7,7,8,5,4,4,"Media Markt"
"539","23-5-2018 14:46:16","Ja","Man","18","Thuiswonend","HAVO",6943,7,8,7,6,9,8,9,8,"Media Markt"
"540","23-5-2018 14:47:21","Ja","Vrouw","18","Thuiswonend","HAVO",7202,7,7,7,6,8,6,8,8,"Media Markt"
"541","23-5-2018 14:48:14","Ja","Vrouw","21","Thuiswonend","VMBO",7311,7,8,8,7,8,7,8,7,"Media Markt"
"542","23-5-2018 14:49:28","Ja","Vrouw","20","Thuiswonend","MBO",5305,8,7,8,7,8,7,9,8,"Media Markt"
"543","23-5-2018 14:50:25","Ja","Vrouw","22","Thuiswonend","MBO",6921,7,7,7,7,9,6,8,7,"Media Markt"
"544","23-5-2018 15:04:33","Ja","Vrouw","20","Thuiswonend","MBO",7041,5,5,5,5,7,5,5,7,"Media Markt"
"545","23-5-2018 15:18:23","Ja","Man","20","Thuiswonend","HAVO",6891,9,8,8,8,8,8,8,8,"Media Markt"
"546","23-5-2018 15:18:50","Ja","Vrouw","20",NA,"HAVO",6812,8,8,9,8,9,9,9,7,"Media Markt"
"547","23-5-2018 15:19:24","Ja","Man","23+","Thuiswonend","HBO",6891,6,6,6,6,6,7,6,6,"Media Markt"
"548","23-5-2018 15:20:18","Nee",NA,NA,NA,NA,NA,NA,NA,NA,NA,NA,NA,NA,NA,"Media Markt"
"549","23-5-2018 15:20:28","Nee",NA,NA,NA,NA,NA,NA,NA,NA,NA,NA,NA,NA,NA,"Media Markt"
"550","23-5-2018 15:21:10","Nee",NA,NA,NA,NA,NA,NA,NA,NA,NA,NA,NA,NA,NA,"Media Markt"
"551","23-5-2018 15:21:16","Nee",NA,NA,NA,NA,NA,NA,NA,NA,NA,NA,NA,NA,NA,"Media Markt"
"552","23-5-2018 15:21:39","Ja","Vrouw","21","Thuiswonend","MBO",0,8,8,6,7,8,7,7,7,"Media Markt"
"553","23-5-2018 15:23:25","Nee",NA,NA,NA,NA,NA,NA,NA,NA,NA,NA,NA,NA,NA,"Media Markt"
"554","23-5-2018 15:23:49","Ja","Vrouw","20","Uitwonend","VWO",6811,7,7,8,8,7,7,8,8,"Media Markt"
"555","23-5-2018 15:24:09","Ja","Vrouw","21","Thuiswonend","VWO",6832,6,6,8,8,7,8,8,8,"Media Markt"
"556","23-5-2018 15:24:18","Nee",NA,NA,NA,NA,NA,NA,NA,NA,NA,NA,NA,NA,NA,"Media Markt"
"557","23-5-2018 15:24:44","Ja","Man","23+","Uitwonend","HBO",6811,8,8,7,6,8,8,7,7,"Media Markt"
"558","23-5-2018 15:25:15","Ja","Man","20","Thuiswonend","MBO",6812,7,8,7,8,7,7,7,7,"Media Markt"
"559","23-5-2018 15:25:45","Ja","Man","20","Thuiswonend","HBO",6805,8,7,7,8,7,8,7,8,"Media Markt"
"560","23-5-2018 15:25:55","Nee",NA,NA,NA,NA,NA,NA,NA,NA,NA,NA,NA,NA,NA,"Media Markt"
"561","23-5-2018 15:26:02","Nee",NA,NA,NA,NA,NA,NA,NA,NA,NA,NA,NA,NA,NA,"Media Markt"
"562","23-5-2018 15:26:08","Nee",NA,NA,NA,NA,NA,NA,NA,NA,NA,NA,NA,NA,NA,"Media Markt"
"563","23-5-2018 15:27:18","Ja","Man","21","Thuiswonend","VWO",6814,9,7,8,6,7,7,2,4,"Media Markt"
"564","23-5-2018 15:27:25","Nee",NA,NA,NA,NA,NA,NA,NA,NA,NA,NA,NA,NA,NA,"Media Markt"
"565","23-5-2018 15:27:52","Ja","Man","21","Thuiswonend","HAVO",6814,6,5,7,6,5,8,6,7,"Media Markt"
"566","23-5-2018 15:28:17","Ja","Man","22","Thuiswonend","HAVO",6828,9,8,8,8,9,9,9,8,"Media Markt"
"567","23-5-2018 15:28:24","Nee",NA,NA,NA,NA,NA,NA,NA,NA,NA,NA,NA,NA,NA,"Media Markt"
"568","23-5-2018 15:30:02","Nee",NA,NA,NA,NA,NA,NA,NA,NA,NA,NA,NA,NA,NA,"Media Markt"
"569","23-5-2018 15:30:08","Nee",NA,NA,NA,NA,NA,NA,NA,NA,NA,NA,NA,NA,NA,"Media Markt"
"570","23-5-2018 15:31:00","Ja","Man","18","Thuiswonend","HAVO",7091,6,8,7,8,6,8,7,8,"Media Markt"
"571","23-5-2018 15:31:39","Ja","Vrouw","17 of jonger","Uitwonend","VMBO",6867,8,7,8,7,8,8,8,7,"Media Markt"
"572","23-5-2018 15:32:22","Ja","Man","20","Thuiswonend","VWO",6849,7,9,8,8,7,8,8,8,"Media Markt"
"573","23-5-2018 15:34:19","Ja","Man","20","Thuiswonend","HAVO",6883,8,8,7,9,9,8,8,9,"Media Markt"
"574","23-5-2018 15:37:16","Ja","Man","18","Thuiswonend","HAVO",7031,8,6,7,8,9,8,8,7,"Media Markt"
