"","Tijdstempel","Bentustudent","Watisuwgeslacht","Watisuwleeftijd","Waaropmaaktudezeenquete","Hoelangverwachtuopzoektezijnnaardeprijsvandeondersta","Hoelangbentubereidomtezoekennaareenproduct","Vuluwbegintijdinengaopzoeknaardebovenstaandetas","Vuluweindtijdinvanhetzoekennaardebovenstaandetas","Voegdelinkvanhetresultaattoe","Watisdeprijsvanhetproductdieuheeftgevonden","Waarbentubegonnenmetzoeken","Inwelkematebentutevredenoverdezoektijd","Zoektijd"
"1","2018/04/19 3:59:17 p.m. EET","Ja","Vrouw","18","Laptop","0-2 Minuten","0-2 minuten",15:58:00,15:58:00,"https://www.travelbags.nl/eastpak-wyoming-laptop-rugzak-15-into-black.html?gclid=EAIaIQobChMI9OO2t7_G2gIVEpkbCh0qkwHAEAQYAyABEgJ1WfD_BwE",69,"Zoekmachine",4,"0"
"2","2018/04/19 4:10:26 p.m. EET","Ja","Man","23","Mobiele telefoon","0-2 Minuten","0-2 minuten",16:07:00,16:10:00,"https://www.eastpak.com/nl-nl/wyoming-into-black-pEK81161K+00+999.html",80,"Zoekmachine",3,"180"
"3","2018/04/19 4:29:41 p.m. EET","Ja","Man","21","Mobiele telefoon","0-2 Minuten","Langer dan 10 minuten",16:28:00,16:28:00,"https://www.thebagstore.nl/eastpak/eastpak-wyoming-into-black?gclid=Cj0KCQjw_ODWBRCTARIsAE2_EvW0DQzK_baI7BPYaKrNY8cjpx3o6xjxjiU15ikJF75hRn9KS6YgvzQaAmvtEALw_wcB",75,"Zoekmachine",4,"0"
"4","2018/04/19 4:29:46 p.m. EET","Ja","Man","19","Mobiele telefoon","0-2 Minuten","3-5 minuten",16:27:00,16:27:00,"https://www.travelbags.nl/eastpak-wyoming-laptop-rugzak-15-into-black.html?gclid=Cj0KCQjw_ODWBRCTARIsAE2_EvVcCYoF0xBbmihZxZknF-h9eTHLMBvFms-mTpKNkSAwICYa9yWKIlsaApCOEALw_wcB",69,"Zoekmachine",4,"0"
"5","2018/04/19 4:34:12 p.m. EET","Ja","Man","19","Mobiele telefoon","0-2 Minuten","3-5 minuten",16:31:00,16:32:00,"https://www.travelbags.nl/eastpak-wyoming-laptop-rugzak-15-into-black.html?gclid=Cj0KCQjw_ODWBRCTARIsAE2_EvUb7E7enA8gDWCPaNDlK3VGLl2RO6QlrDkGZlOHUxYJ4Rfn111clekaAmQxEALw_wcB",69,"Zoekmachine",2,"60"
"6","2018/04/19 4:35:43 p.m. EET","Ja","Vrouw","19","Mobiele telefoon","0-2 Minuten","Langer dan 10 minuten",16:34:00,16:34:00,"https://www.thebagstore.nl/eastpak/eastpak-wyoming-into-black?gclid=Cj0KCQjw_ODWBRCTARIsAE2_EvUYhIgoKBHOxlTMd05FornMdTMjgdDQn4VGUjnDuS3CLGC17YG512caAnjzEALw_wcB",75,"Zoekmachine",4,"0"
"7","2018/04/19 4:37:02 p.m. EET","Ja","Vrouw","19","Mobiele telefoon","0-2 Minuten","3-5 minuten",16:35:00,16:35:00,"https://www.thebagstore.nl/eastpak/eastpak-wyoming-into-black?gclid=EAIaIQobChMIvpHs2cfG2gIVC0kZCh0CUQiWEAQYASABEgLMBPD_BwE",75,"Zoekmachine",4,"0"
"8","2018/04/19 4:37:17 p.m. EET","Ja","Vrouw","19","Mobiele telefoon","0-2 Minuten","3-5 minuten",16:32:00,16:32:00,"https://www.coolblue.nl/product/500327/eastpak-wyoming-black.html?tid=pla-357339211177&ref=324208&gclid=EAIaIQobChMIr9TGjsfG2gIVTWUZCh3LLg8iEAQYAiABEgLy4vD_BwE",52,"Zoekmachine",4,"0"
"9","2018/04/19 4:40:00 p.m. EET","Ja","Vrouw","20","Mobiele telefoon","0-2 Minuten","3-5 minuten",16:38:00,16:39:00,"https://www.thebagstore.nl/eastpak/eastpak-wyoming-into-black?gclid=Cj0KCQjw_ODWBRCTARIsAE2_EvU06Pa4PTpRRSijm8Gl0LHX5ceklEyrXAS5M_Fk8U34h_SDVnWXd8oaAg8oEALw_wcB",75,"Zoekmachine",3,"60"
"10","2018/04/19 5:00:27 p.m. EET","Ja","Man","19","Mobiele telefoon","0-2 Minuten","6-9 minuten",16:59:00,16:59:00,"https://www.thebagstore.nl/eastpak/eastpak-wyoming-into-black?gclid=Cj0KCQjw_ODWBRCTARIsAE2_EvVYJsKQ9w6BrRUgMTYDwpQdZcnCzyPU1R58uWnGyh33gQIn94JBN0waAsKeEALw_wcB",75,"Zoekmachine",4,"0"
"11","2018/04/19 5:17:46 p.m. EET","Ja","Vrouw","21","Mobiele telefoon","3-5 Minuten","Langer dan 10 minuten",17:15:00,17:16:00,"https://www.travelbags.nl/eastpak-wyoming-laptop-rugzak-15-into-black.html?gclid=EAIaIQobChMI2u-Vg9HG2gIVDx0YCh1ffghGEAQYAiABEgLf5PD_BwE",69,"Zoekmachine",4,"60"
"12","2018/04/19 5:21:11 p.m. EET","Ja","Man","22","Mobiele telefoon","0-2 Minuten","0-2 minuten",17:17:00,17:17:00,"https://www.thebagstore.nl/eastpak/eastpak-wyoming-into-black?gclid=EAIaIQobChMIvvu8zdHG2gIVE0MYCh1GQwHdEAQYAyABEgIhOvD_BwE",75,"Zoekmachine",4,"0"
"13","2018/04/19 5:24:39 p.m. EET","Ja","Vrouw","19","Mobiele telefoon","3-5 Minuten","6-9 minuten",17:24:00,17:24:00,"https://www.thebagstore.nl/eastpak/eastpak-wyoming-into-black?gclid=Cj0KCQjw_ODWBRCTARIsAE2_EvVxEoQKs6UE3Z76W2W-osjzUWMsk2udVa119YgN63eI6mvs8t2zTssaAnCyEALw_wcB",75,"Zoekmachine",4,"0"
"14","2018/04/19 5:33:25 p.m. EET","Ja","Vrouw","18","Mobiele telefoon","0-2 Minuten","Langer dan 10 minuten",17:32:00,17:32:00,"https://www.travelbags.nl/eastpak-wyoming-rugzak-black.html?gclid=EAIaIQobChMI-u_hvNTG2gIVkA8YCh0Q0wKWEAQYASABEgKoUPD_BwE",59,"Zoekmachine",4,"0"
"15","2018/04/19 6:12:47 p.m. EET","Ja","Vrouw","18","Laptop","0-2 Minuten","3-5 minuten",18:04:00,18:05:00,"https://www.eastpak.com/nl-nl/wyoming-into-black-pEK81161K+00+999.html",80,"Zoekmachine",4,"60"
"16","2018/04/19 6:24:57 p.m. EET","Ja","Vrouw","Jonger dan 17","Mobiele telefoon","0-2 Minuten","3-5 minuten",18:22:00,18:23:00,"Bol.com",49,"Google",4,"60"
"17","2018/04/19 6:37:50 p.m. EET","Ja","Man","21","Mobiele telefoon","0-2 Minuten","0-2 minuten",18:35:00,18:35:00,"https://www.travelbags.nl/eastpak-wyoming-laptop-rugzak-15-into-black.html?gclid=EAIaIQobChMI9YzRyuLG2gIVDowZCh094ArcEAQYAiABEgIyV_D_BwE",69,"Zoekmachine",4,"0"
"18","2018/04/19 6:46:57 p.m. EET","Ja","Man","18","Mobiele telefoon","0-2 Minuten","0-2 minuten",18:43:00,18:43:00,"https://www.rugzakcenter.nl/category/246448/eastpak-wyoming.html",69,"Afbeelding ingedrukt houden",4,"0"
"19","2018/04/19 7:05:57 p.m. EET","Ja","Vrouw","19","Mobiele telefoon","0-2 Minuten","3-5 minuten",19:05:00,19:06:00,"https://www.thebagstore.nl/eastpak/eastpak-wyoming-into-black?gclid=EAIaIQobChMIuqewjOnG2gIVBcwYCh1vWg-NEAQYASABEgJ9cfD_BwE",75,"Zoekmachine",4,"60"
"20","2018/04/19 7:14:39 p.m. EET","Ja","Man","19","Mobiele telefoon","0-2 Minuten","3-5 minuten",19:12:00,19:13:00,"https://www.thebagstore.nl/eastpak/eastpak-wyoming-into-black?gclid=Cj0KCQjw_ODWBRCTARIsAE2_EvWVQWJJnzYygKZ39gs5y_PozmWij7EgjuPwTm4JiOYQB8HsZhT9s0YaAg12EALw_wcB",75,"Zoekmachine",4,"60"
"21","2018/04/19 10:45:57 p.m. EET","Ja","Man","18","Laptop","0-2 Minuten","3-5 minuten",22:44:00,22:45:00,"https://www.google.nl/aclk?sa=l&ai=DChcSEwi_3eqsmsfaAhVLVdMKHR6GAqMYABAOGgJ3Yg&sig=AOD64_01VerjcSg4-WbdDmjA8Kmc8TDMJw&ctype=5&q=&ved=0ahUKEwj46eOsmsfaAhXGBcAKHamCDkEQ9aACCLoB&adurl=",52,"Zoekmachine",4,"60"
"22","2018/04/20 12:01:26 a.m. EET","Ja","Vrouw","Jonger dan 17","Mobiele telefoon","0-2 Minuten","Langer dan 10 minuten",12:00:00,12:00:00,"https://www.eastpak.com/nl-nl/wyoming-into-black-pEK81161K+00+999.html?gclid=Cj0KCQjw_ODWBRCTARIsAE2_EvVjWYlofty5O77Cir1ekAur5Fs21YeeUATP72g2gFuMPY3zHhlL-egaAp1CEALw_wcB",80,"Zoekmachine",4,"0"
"23","2018/04/20 12:51:42 a.m. EET","Ja","Man","18","Mobiele telefoon","0-2 Minuten","Langer dan 10 minuten",00:50:00,00:50:00,"https://www.eastpak.com/nl-nl/wyoming-into-black-pEK81161K+00+999.html?gclid=EAIaIQobChMImbHLurbH2gIVQ9OyCh0GJAf4EAQYAiABEgJvsvD_BwE",80,"Zoekmachine",4,"0"
"24","2018/04/20 6:56:42 a.m. EET","Ja","Vrouw","20","Mobiele telefoon","0-2 Minuten","3-5 minuten",06:53:00,06:54:00,"https://www.eastpak.com/nl-nl/catalogsearch/result/?q=Wyoming#p-2",80,"Zoekmachine",3,"60"
"25","2018/04/20 7:47:46 a.m. EET","Ja","Man","17","Mobiele telefoon","0-2 Minuten","0-2 minuten",07:45:00,07:47:00,"https://www.travelbags.nl/eastpak-out-of-office-rugzak-into-black.html",45,"Zoekmachine",4,"120"
"26","2018/04/20 8:29:11 a.m. EET","Ja","Vrouw","22","Mobiele telefoon","3-5 Minuten","3-5 minuten",08:26:00,08:27:00,"https://www.travelbags.nl/eastpak/wyoming/?gclid=EAIaIQobChMItriNrJzI2gIV6jLTCh2hLAn6EAAYASAAEgJ4L_D_BwE",69,"Zoekmachine",4,"60"
"27","2018/04/20 8:45:57 a.m. EET","Ja","Vrouw","20","Laptop","3-5 Minuten","0-2 minuten",08:44:00,08:46:00,"https://www.eastpak.com/nl-nl/wyoming-into-black-pEK81161K+00+999.html",80,"Zoekmachine",3,"120"
"28","2018/04/20 11:17:08 a.m. EET","Ja","Vrouw","20","Laptop","0-2 Minuten","3-5 minuten",11:16:00,11:16:00,"https://www.eastpak.com/nl-nl/wyoming-into-black-pEK81161K+00+999.html?gclid=Cj0KCQjwn-bWBRDGARIsAPS1svtoGbFY4815Va75hLDVxoXzKj_XuPgTr7guf-Hvs52xMDR6_88V-4saAv2cEALw_wcB",80,"Zoekmachine",4,"0"
"29","2018/04/20 1:17:39 p.m. EET","Ja","Vrouw","19","Mobiele telefoon","3-5 Minuten","6-9 minuten",13:16:00,13:17:00,"https://www.eastpak.com/nl-nl/wyoming-into-black-pEK81161K+00+999.html?gclid=Cj0KCQjwn-bWBRDGARIsAPS1svsjxZOnQXhYl2rcUP8kI3D47s1blsbd2FuW4KGyC_jeMoAh0ISBQ_gaAjYiEALw_wcB",80,"Zoekmachine",4,"60"
"30","2018/04/20 5:25:47 p.m. EET","Ja","Vrouw","18","Mobiele telefoon","0-2 Minuten","3-5 minuten",17:25:00,17:26:00,"https://www.travelbags.nl/eastpak-wyoming-laptop-rugzak-15-into-black.html?gclid=EAIaIQobChMI6OvC0sjJ2gIVDdwZCh1dMweTEAQYBSABEgKdYfD_BwE",69,"Zoekmachine",4,"60"
"31","2018/04/20 9:19:01 p.m. EET","Ja","Vrouw","17","Mobiele telefoon","0-2 Minuten","3-5 minuten",21:17:00,21:18:00,"https://www.travelbags.nl/eastpak-wyoming-laptop-rugzak-15-into-black.html?gclid=EAIaIQobChMI6OvC0sjJ2gIVDdwZCh1dMweTEAQYBSABEgKdYfD_BwE",69,"Zoekmachine",4,"60"
"32","2018/04/20 10:21:21 p.m. EET","Ja","Vrouw","19","Mobiele telefoon","0-2 Minuten","3-5 minuten",22:20:00,22:20:00,"https://www.thebagstore.nl/eastpak/eastpak-wyoming-into-black?gclid=EAIaIQobChMI9IH009bJ2gIVQkQYCh0XYADiEAQYASABEgJjvvD_BwE",75,"Zoekmachine",4,"0"
"33","2018/04/20 10:50:07 p.m. EET","Ja","Vrouw","20","Mobiele telefoon","0-2 Minuten","Langer dan 10 minuten",22:48:00,22:48:00,"https://www.thebagstore.nl/eastpak/eastpak-wyoming-into-black?gclid=EAIaIQobChMI4Jzvid3J2gIVi7obCh0rNg_sEAQYASABEgJrlvD_BwE",75,"Zoekmachine",4,"0"
"34","2018/04/23 12:33:06 p.m. EET","Ja","Vrouw","21","Laptop","3-5 Minuten","3-5 minuten",12:29:00,12:29:00,"https://www.eastpak.com/nl-nl/wyoming-into-black-pEK81161K+00+999.html?gclid=CjwKCAjwiPbWBRBtEiwAJakcpDsZ3sSKVdiiIMYYvXm8yJ2U-k8U-jMT3Sebodx_X-W5xBnsNLiizhoCFYIQAvD_BwE",80,"Zoekmachine",4,"0"
"35","2018/04/23 12:34:14 p.m. EET","Ja","Vrouw","21","Mobiele telefoon","0-2 Minuten","0-2 minuten",12:33:00,12:35:00,"https://www.eastpak.com/nl-nl/wyoming-into-black-pEK81161K+00+999.html?gclid=Cj0KCQjw8YXXBRDXARIsAMzsQuWSxqAmjCgH46-ThTTttQnnYzZS4-k3WVzPV6cNXrtDoQQRN_T_PbkaAkQtEALw_wcB",80,"Website van het merk",2,"120"
"36","2018/04/26 10:03:03 a.m. EET","Ja","Vrouw","22","Mobiele telefoon","0-2 Minuten","3-5 minuten",10:01:00,10:02:00,"https://www.eastpak.com/nl-nl/wyoming-into-black-pEK81161K+00+999.html?gclid=Cj0KCQjw8YXXBRDXARIsAMzsQuWSxqAmjCgH46-ThTTttQnnYzZS4-k3WVzPV6cNXrtDoQQRN_T_PbkaAkQtEALw_wcB",80,"Zoekmachine",4,"60"
"37","2018/04/26 12:10:21 p.m. EET","Ja","Man","20","Laptop","3-5 Minuten","3-5 minuten",12:10:00,12:12:00,"https://www.eastpak.com/nl-nl/wyoming-into-black-pEK81161K+00+999.html?gclid=Cj0KCQjw8YXXBRDXARIsAMzsQuX92uyPllJyj5_00v8cS5YU1OCgSMBfLMG3oKJ2bXgvpQWJPg6HnWcaAnq2EALw_wcB",80,"Zoekmachine",4,"120"
"38","2018/04/26 4:30:52 p.m. EET","Ja","Vrouw","18","Mobiele telefoon","0-2 Minuten","Langer dan 10 minuten",16:29:00,16:30:00,"https://www.thebagstore.nl/eastpak/eastpak-wyoming-into-black?gclid=Cj0KCQjw8YXXBRDXARIsAMzsQuWCtctVZPMwQCFciikda1mMZ5lp9LpQGxO7KPuDOQytCDh4evC9wMAaAhH_EALw_wcB",75,"Zoekmachine",4,"60"
"39","2018/04/26 4:37:10 p.m. EET","Ja","Vrouw","18","Mobiele telefoon","3-5 Minuten","6-9 minuten",16:34:00,16:35:00,"https://www.thebagstore.nl/eastpak/eastpak-wyoming-into-black?gclid=EAIaIQobChMIht3R4ZTY2gIVBoXVCh2F6gcfEAQYASABEgKm7PD_BwE",75,"Zoekmachine",4,"60"
"40","2018/04/26 4:54:07 p.m. EET","Ja","Vrouw","19","Mobiele telefoon","0-2 Minuten","3-5 minuten",16:52:00,16:53:00,"https://www.thebagstore.nl/eastpak/eastpak-wyoming-into-black?gclid=EAIaIQobChMItMnY35jY2gIVwTobCh2OzArbEAQYASABEgI___D_BwE",75,"Zoekmachine",4,"60"
"41","2018/04/26 5:43:18 p.m. EET","Ja","Vrouw","21","Mobiele telefoon","3-5 Minuten","Langer dan 10 minuten",17:41:00,17:42:00,"https://www.thebagstore.nl/eastpak/eastpak-wyoming-into-black?gclid=EAIaIQobChMI4OW62KPY2gIVJbXtCh2INQ1TEAQYASABEgIjnPD_BwE",75,"Zoekmachine",4,"60"
"42","2018/04/26 8:07:56 p.m. EET","Ja","Vrouw","19","Mobiele telefoon","0-2 Minuten","0-2 minuten",20:05:00,20:05:00,"https://www.thebagstore.nl/eastpak/eastpak-wyoming-into-black?gclid=Cj0KCQjw8YXXBRDXARIsAMzsQuVxL4aJlM5B6xs0YOKW_hOTkw4DlVJAlYoOUP6ULU9Y5c0jaBCxnXMaAv-OEALw_wcB",75,"Zoekmachine",4,"0"
"43","2018/04/27 10:58:32 a.m. EET","Ja","Man","20","Mobiele telefoon","0-2 Minuten","6-9 minuten",10:57:00,10:57:00,"https://www.thebagstore.nl/eastpak/eastpak-wyoming-into-black?gclid=EAIaIQobChMIzu2CkYva2gIVzbztCh0zOwPdEAQYASABEgLVRPD_BwE",75,"Zoekmachine",4,"0"
"44","2018/04/27 11:27:10 a.m. EET","Ja","Man","24","Mobiele telefoon","0-2 Minuten","3-5 minuten",11:27:00,11:28:00,"https://www.thebagstore.nl/eastpak/eastpak-wyoming-into-black?gclid=CjwKCAjwlIvXBRBjEiwATWAQIpuNbpWJh-MT-_FKLLNgOvTSGLCxXnmxN8l4KcYCE5zDqZHINkIFyxoCIbMQAvD_BwE",75,"Zoekmachine",4,"60"
"45","2018/04/27 11:32:33 a.m. EET","Ja","Vrouw","24","Laptop","0-2 Minuten","0-2 minuten",11:32:00,11:32:00,"https://www.google.nl/search?q=Eastpak+s+Wyoming+prijs&source=lnms&tbm=shop&sa=X&ved=0ahUKEwiftsDjktraAhVLa1AKHfK4DTcQ_AUICigB&biw=1517&bih=771#spd=3417814533415084707",79,"Zoekmachine",4,"0"
"46","2018/04/27 12:21:55 p.m. EET","Ja","Vrouw","20","Mobiele telefoon","0-2 Minuten","0-2 minuten",12:20:00,12:20:00,"https://www.thebagstore.nl/eastpak/eastpak-wyoming-into-black?gclid=CjwKCAjwlIvXBRBjEiwATWAQIrlteznOHLbdCegzSnyv5eCAsa3DO7xRCGoM7I34ySkFCo6E2EZYKBoCSvMQAvD_BwE",75,"Zoekmachine",4,"0"
"47","2018/04/27 12:22:12 p.m. EET","Ja","Man","18","Mobiele telefoon","0-2 Minuten","3-5 minuten",12:21:00,12:21:00,"https://www.travelbags.nl/eastpak-wyoming-laptop-rugzak-15-into-black.html?gclid=CjwKCAjwlIvXBRBjEiwATWAQIjjDKDrOApUpJh0DPZ2V-WhCISRrR5XfSpb3FPs2AHgjXOBMxza5-xoCleIQAvD_BwE",79,"Zoekmachine",4,"0"
"48","2018/04/27 1:08:51 p.m. EET","Ja","Man","25","Mobiele telefoon","3-5 Minuten","0-2 minuten",13:06:00,13:07:00,"https://www.bol.com/nl/p/eastpak-wyoming-rugzak-black-denim/9200000039902677/",52,"Zoekmachine",3,"60"
"49","2018/04/27 4:46:37 p.m. EET","Ja","Vrouw","23","Mobiele telefoon","0-2 Minuten","0-2 minuten",16:44:00,16:45:00,"https://www.travelbags.nl/eastpak/wyoming/?gclid=EAIaIQobChMIo9PL8Nja2gIVyZ0bCh2m0wjpEAAYASAAEgKU7_D_BwE",69,"Zoekmachine",4,"60"
"50","2018/04/27 11:16:03 p.m. EET","Ja","Vrouw","18","Mobiele telefoon","0-2 Minuten","0-2 minuten",23:13:00,23:13:00,"https://www.travelbags.nl/eastpak-wyoming-laptop-rugzak-15-into-black.html?gclid=CjwKCAjwlIvXBRBjEiwATWAQIjjDKDrOApUpJh0DPZ2V-WhCISRrR5XfSpb3FPs2AHgjXOBMxza5-xoCleIQAvD_BwE",69,"Zoekmachine",4,"0"
"51","2018/04/28 12:12:42 a.m. EET","Ja","Vrouw","18","Mobiele telefoon","0-2 Minuten","3-5 minuten",12:11:00,12:12:00,"https://www.eastpak.com/nl-nl/rugzakken-c120/wyoming-black-denim-pEK81177H+00+999.html",70,"Zoekmachine",4,"60"
"52","2018/04/29 2:53:18 a.m. EET","Ja","Man","21","Mobiele telefoon","0-2 Minuten","3-5 minuten",20:51:00,20:52:00,"https://www.eastpak.com/nl-nl/rugzakken/categorieen/view-all-c7708/wyoming-into-black-pEK81161K+00+999.html",80,"Zoekmachine",4,"60"
"53","2018/04/29 1:17:16 p.m. EET","Ja","Man","19","Mobiele telefoon","0-2 Minuten","3-5 minuten",12:15:00,12:15:00,"https://www.44boardshop.pt/mochila-eastpak-into-the-out-ek811-61k-uni.html?gclid=EAIaIQobChMIiITC4q3f2gIVF_EbCh36uQgYEAkYASABEgItFPD_BwE",80,"Zoekmachine",4,"0"
"54","2018/04/30 1:16:02 p.m. EET","Ja","Vrouw","20","Mobiele telefoon","0-2 Minuten","6-9 minuten",13:15:00,13:15:00,"https://www.thebagstore.nl/eastpak/eastpak-wyoming-into-black?gclid=Cj0KCQjw_ZrXBRDXARIsAA8KauTrHKrLFJ1amXmVBI0U_R5R7H6w4jX2GypoMbJVJ29f2omB4Kx2KnAaAls-EALw_wcB",75,"Zoekmachine",4,"0"
"55","2018/04/30 1:39:26 p.m. EET","Ja","Man","21","Mobiele telefoon","3-5 Minuten","3-5 minuten",13:37:00,13:38:00,"https://www.thebagstore.nl/eastpak/eastpak-wyoming-into-black?gclid=EAIaIQobChMI7srNy_Th2gIVxrftCh1wbA9nEAQYASABEgLz2vD_BwE",75,"Zoekmachine",4,"60"
"56","2018/05/01 12:14:29 a.m. EET","Ja","Vrouw","18","Mobiele telefoon","0-2 Minuten","3-5 minuten",00:13:00,00:14:00,"https://www.travelbags.nl/eastpak-wyoming-laptop-rugzak-15-into-black.html?gclid=EAIaIQobChMI-PG61YLj2gIVA7TtCh1-zQd_EAQYASABEgKoTPD_BwE",69,"Zoekmachine",4,"60"
"57","2018/05/07 9:54:46 a.m. EET","Ja","Vrouw","20","Laptop","0-2 Minuten","3-5 minuten",09:52:00,09:54:00,"https://www.bagageonline.nl/wyoming-rugzak-into-black.html?channable=e28519.MzYzNjM&gclid=EAIaIQobChMI757ht4_z2gIVMyjTCh3j4w6IEAQYAyABEgKA6vD_BwE",80,"Zoekmachine",3,"120"
"58","2018/05/08 8:36:45 a.m. EET","Ja","Vrouw","22","Mobiele telefoon","3-5 Minuten","6-9 minuten",08:35:00,08:36:00,"https://www.thebagstore.nl/eastpak/eastpak-wyoming-into-black?gclid=EAIaIQobChMIlvKb-b_12gIVBLTtCh0d9gMiEAQYASABEgJyTfD_BwE",75,"Zoekmachine",3,"60"
"59","2018/05/08 8:38:36 a.m. EET","Ja","Man","20","Mobiele telefoon","0-2 Minuten","0-2 minuten",08:37:00,08:37:00,"https://www.thebagstore.nl/eastpak/eastpak-wyoming-into-black?gclid=EAIaIQobChMI562lq8D12gIVB53tCh0SHgEvEAQYASABEgLdZfD_BwE",75,"Zoekmachine",4,"0"
"60","2018/05/08 8:40:56 a.m. EET","Ja","Vrouw","19","Mobiele telefoon","3-5 Minuten","6-9 minuten",08:39:00,08:40:00,"https://m.zalando.nl/eastpak-wyoming-rugzak-ea254h00p-q11.html?size=One%20Size&wmc=SEM31_NL_NAWBNARGNB_ZL.GO_PLA.&opc=2211&gclid=CjwKCAjw8r_XBRBkEiwAjWGLlKIXid7KUMdrB1HH1g3el41SJjZV_K2Dm5r3TCaKcZl9G9TaReIXwRoC6ZQQAvD_BwE&gclsrc=aw.ds",80,"Zoekmachine",4,"60"
"61","2018/05/08 10:18:21 a.m. EET","Ja","Man","24","Laptop","3-5 Minuten","6-9 minuten",10:17:00,10:18:00,"https://www.thebagstore.nl/eastpak/eastpak-wyoming-into-black?gclid=EAIaIQobChMI5--H3tb12gIVq7ftCh0XJACyEAQYASABEgI7qfD_BwE",75,"Zoekmachine",4,"60"
"62","2018/05/08 10:21:18 a.m. EET","Ja","Vrouw","17","Laptop","0-2 Minuten","0-2 minuten",10:18:00,10:21:00,"https://www.thebagstore.nl/eastpak/eastpak-wyoming-into-black?gclid=EAIaIQobChMI5--H3tb12gIVq7ftCh0XJACyEAQYASABEgI7qfD_BwE",75,"Zoekmachine",1,"180"
"63","2018/05/08 10:36:49 a.m. EET","Ja","Vrouw","23","Mobiele telefoon","3-5 Minuten","0-2 minuten",10:35:00,10:36:00,"https://www.thebagstore.nl/eastpak/eastpak-wyoming-into-black?gclid=EAIaIQobChMI3Ke719r12gIVBrXtCh2OYA29EAQYASABEgK5YvD_BwE",75,"Zoekmachine",3,"60"
"64","2018/05/08 10:50:26 a.m. EET","Ja","Vrouw","22","Mobiele telefoon","3-5 Minuten","Langer dan 10 minuten",10:48:00,10:50:00,"https://www.travelbags.nl/eastpak-wyoming-laptop-rugzak-15-into-black.html?utm_source=tradetracker&utm_campaign=225633&utm_medium=affiliate",69,"Zoekmachine",4,"120"
"65","2018/05/08 10:53:55 a.m. EET","Ja","Vrouw","19","Mobiele telefoon","3-5 Minuten","6-9 minuten",10:52:00,10:53:00,"https://www.thebagstore.nl/eastpak/eastpak-wyoming-into-black?gclid=CjwKCAjwlcXXBRBhEiwApfHGTSY1hZOi8AbO07FlehS5iYGSnfYsq_rnwxrN0833Cax-QX_3aYE7_BoC8ewQAvD_BwE",75,"Zoekmachine",4,"60"
"66","2018/05/08 10:56:24 a.m. EET","Ja","Vrouw","19","Mobiele telefoon","0-2 Minuten","6-9 minuten",10:54:00,10:55:00,"https://www.thebagstore.nl/eastpak/eastpak-wyoming-into-black?gclid=CjwKCAjwlcXXBRBhEiwApfHGTXv1BIOExZnlFP-XnY-zdtm1Jc9aJRwL1EYVkzxrPpy0H02yYsYipBoCND0QAvD_BwE",75,"Zoekmachine",4,"60"
"67","2018/05/08 11:01:08 a.m. EET","Ja","Man","20","Mobiele telefoon","3-5 Minuten","6-9 minuten",11:00:00,11:05:00,"https://www.thebagstore.nl/eastpak/eastpak-wyoming-into-black?gclid=EAIaIQobChMI-7LdluD12gIVjpTtCh1hEAI3EAQYASABEgKVJPD_BwE",75,"Zoekmachine",3,"300"
"68","2018/05/08 11:11:29 a.m. EET","Ja","Vrouw","19","Mobiele telefoon","3-5 Minuten","Langer dan 10 minuten",11:10:00,11:11:00,"https://www.thebagstore.nl/eastpak/eastpak-wyoming-into-black?gclid=EAIaIQobChMI7_KYreL12gIVKrftCh1viQF2EAQYDyABEgJ5OfD_BwE",75,"Zoekmachine",4,"60"
"69","2018/05/08 11:13:07 a.m. EET","Ja","Man","21","Tablet","3-5 Minuten","3-5 minuten",11:04:00,11:08:00,"https://www.eastpak.com/nl-nl/rugzakken-c120/wyoming-into-black-pEK81161K+00+999.html",80,"Website van het merk",3,"240"
"70","2018/05/08 11:18:02 a.m. EET","Ja","Vrouw","17","Mobiele telefoon","0-2 Minuten","Langer dan 10 minuten",11:16:00,11:17:00,"https://www.thebagstore.nl/eastpak/eastpak-wyoming-into-black?gclid=EAIaIQobChMI27Pk9OP12gIVr73tCh2WkgAREAQYASABEgLc6_D_BwE",75,"Zoekmachine",3,"60"
"71","2018/05/08 11:18:07 a.m. EET","Ja","Man","19","Mobiele telefoon","3-5 Minuten","6-9 minuten",11:16:00,11:17:00,"https://www.thebagstore.nl/eastpak/eastpak-wyoming-into-black?gclid=CjwKCAjwlcXXBRBhEiwApfHGTSY1hZOi8AbO07FlehS5iYGSnfYsq_rnwxrN0833Cax-QX_3aYE7_BoC8ewQAvD_BwE",75,"Zoekmachine",4,"60"
"72","2018/05/08 11:37:32 a.m. EET","Ja","Vrouw","19","Mobiele telefoon","3-5 Minuten","3-5 minuten",11:34:00,11:37:00,"https://www.thebagstore.nl/eastpak/eastpak-wyoming-into-black?gclid=EAIaIQobChMI_4KAtej12gIVbbHtCh1MNwDvEAQYASABEgI8yPD_BwE",75,"Zoekmachine",4,"180"
"73","2018/05/08 11:49:05 a.m. EET","Ja","Vrouw","26","Mobiele telefoon","3-5 Minuten","6-9 minuten",11:47:00,11:49:00,"https://www.thebagstore.nl/eastpak/eastpak-wyoming-into-black?gclid=EAIaIQobChMI3Ke719r12gIVBrXtCh2OYA29EAQYASABEgK5YvD_Bw",75,"Zoekmachine",4,"120"
"74","2018/05/08 12:35:11 p.m. EET","Ja","Man","20","Mobiele telefoon","3-5 Minuten","3-5 minuten",12:34:00,12:34:00,"https://www.thebagstore.nl/eastpak/eastpak-wyoming-into-black?gclid=EAIaIQobChMIgIyho_X12gIVTLDtCh0c-gnzEAQYASABEgLMAvD_BwE",75,"Zoekmachine",3,"0"
"75","2018/05/08 12:41:23 p.m. EET","Ja","Vrouw","18","Tablet","0-2 Minuten","0-2 minuten",12:40:00,12:41:00,"https://www.eastpak.com/nl-nl/wyoming-into-black-pEK81161K+00+999.html?gclid=Cj0KCQjw8YXXBRDXARIsAMzsQuX92uyPllJyj5_00v8cS5YU1OCgSMBfLMG3oKJ2bXgvpQWJPg6HnWcaAnq2EALw_wcB",80,"Zoekmachine",4,"60"
"76","2018/05/08 12:43:14 p.m. EET","Ja","Man","26","Mobiele telefoon","6-9 Minuten","3-5 minuten",15:30:00,15:35:00,"https://www.thebagstore.nl/eastpak/eastpak-wyoming-into-black?gclid=EAIaIQobChMIrbvLjff12gIVD5ztCh2mqgTyEAQYASABEgI75vD_BwE",75,"Zoekmachine",4,"300"
"77","2018/05/08 12:45:38 p.m. EET","Ja","Man","24","Mobiele telefoon","0-2 Minuten","0-2 minuten",16:54:00,16:55:00,"https://www.thebagstore.nl/eastpak/eastpak-wyoming-into-black?gclid=EAIaIQobChMIrbvLjff12gIVD5ztCh2mqgTyEAQYASABEgI75vD_BwE",75,"Zoekmachine",4,"60"
"78","2018/05/08 12:48:30 p.m. EET","Ja","Man","18","Mobiele telefoon","3-5 Minuten","3-5 minuten",14:44:00,14:47:00,"https://www.thebagstore.nl/eastpak/eastpak-wyoming-into-black?gclid=EAIaIQobChMIrbvLjff12gIVD5ztCh2mqgTyEAQYASABEgI75vD_BwE",75,"Zoekmachine",3,"180"
"79","2018/05/08 12:52:40 p.m. EET","Ja","Man","19","Laptop","3-5 Minuten","3-5 minuten",12:52:00,12:56:00,"https://www.eastpak.com/nl-nl/wyoming-into-black-pEK81161K+00+999.html?gclid=Cj0KCQjw8YXXBRDXARIsAMzsQuX92uyPllJyj5_00v8cS5YU1OCgSMBfLMG3oKJ2bXgvpQWJPg6HnWcaAnq2EALw_wcB",75,"Website van het merk",4,"240"
"80","2018/05/08 12:53:46 p.m. EET","Ja","Man","19","Laptop","0-2 Minuten","0-2 minuten",12:54:00,12:56:00,"https://www.travelbags.nl/eastpak-wyoming-laptop-rugzak-15-into-black.html?gclid=CjwKCAjwlcXXBRBhEiwApfHGTYF8ey0EHVMnPrNETxSchUxfDj4b79pPSJctXOHO1miaDpEwLTkcaxoCJSgQAvD_BwE",69,"Zoekmachine",4,"120"
"81","2018/05/08 12:54:55 p.m. EET","Ja","Man","20","Laptop","3-5 Minuten","3-5 minuten",12:54:00,12:55:00,"https://www.travelbags.nl/eastpak-wyoming-laptop-rugzak-15-into-black.html?gclid=CjwKCAjwlcXXBRBhEiwApfHGTYF8ey0EHVMnPrNETxSchUxfDj4b79pPSJctXOHO1miaDpEwLTkcaxoCJSgQAvD_BwE",69,"Zoekmachine",4,"60"
"82","2018/05/08 12:56:11 p.m. EET","Ja","Man","21","Mobiele telefoon","0-2 Minuten","0-2 minuten",12:55:00,12:56:00,"https://www.thebagstore.nl/eastpak/eastpak-wyoming-into-black?gclid=EAIaIQobChMIrbvLjff12gIVD5ztCh2mqgTyEAQYASABEgI75vD_BwE",75,"Zoekmachine",4,"60"
"83","2018/05/08 12:57:59 p.m. EET","Ja","Vrouw","19","Mobiele telefoon","0-2 Minuten","Langer dan 10 minuten",12:57:00,12:58:00,"https://www.thebagstore.nl/eastpak/eastpak-wyoming-into-black?gclid=EAIaIQobChMIrbvLjff12gIVD5ztCh2mqgTyEAQYASABEgI75vD_BwE",75,"Zoekmachine",4,"60"
